StateCode,BeachID,BeachName,Station ID,StationName,CountyName,Identifier,StartDate,StartTime,ZoneCode,ActivityTypeCode,CharacteristicName,ResultValue,ResultMeasureUnit,ResultComment,ActivityDepthValue,ActivityDepthUnitCode,SampleCollectionMethodIdentifier,SampleCollectionMethodName,FieldGear,AnalysisDateTime,DetectionQuantitationLimit
CT,CT964700,HAMMONASSET BEACH STATE PARK BEACH,,,NEW HAVEN,,2016-05-23,11:50:00,,,Enterococcus,1,,,,,,,,,
CT,CT964700,HAMMONASSET BEACH STATE PARK BEACH,,,NEW HAVEN,,2016-05-23,11:40:00,,,Enterococcus,1,,,,,,,,,
CT,CT964700,HAMMONASSET BEACH STATE PARK BEACH,,,NEW HAVEN,,2016-05-23,10:55:00,,,Enterococcus,1,,,,,,,,,
CT,CT964700,HAMMONASSET BEACH STATE PARK BEACH,,,NEW HAVEN,,2016-05-23,11:30:00,,,Enterococcus,10,,,,,,,,,
CT,CT964700,HAMMONASSET BEACH STATE PARK BEACH,,,NEW HAVEN,,2016-05-23,11:00:00,,,Enterococcus,1,,,,,,,,,
CT,CT964700,HAMMONASSET BEACH STATE PARK BEACH,,,NEW HAVEN,,2016-05-23,11:10:00,,,Enterococcus,1,,,,,,,,,
CT,CT964700,HAMMONASSET BEACH STATE PARK BEACH,,,NEW HAVEN,,2016-05-31,10:51:00,,,Enterococcus,1,,,,,,,,,
CT,CT964700,HAMMONASSET BEACH STATE PARK BEACH,,,NEW HAVEN,,2016-05-31,10:36:00,,,Enterococcus,10,,,,,,,,,
CT,CT964700,HAMMONASSET BEACH STATE PARK BEACH,,,NEW HAVEN,,2016-05-31,11:10:00,,,Enterococcus,87,,,,,,,,,
CT,CT964700,HAMMONASSET BEACH STATE PARK BEACH,,,NEW HAVEN,,2016-05-31,10:35:00,,,Enterococcus,1,,,,,,,,,
CT,CT964700,HAMMONASSET BEACH STATE PARK BEACH,,,NEW HAVEN,,2016-05-31,11:12:00,,,Enterococcus,1,,,,,,,,,
CT,CT964700,HAMMONASSET BEACH STATE PARK BEACH,,,NEW HAVEN,,2016-05-31,10:20:00,,,Enterococcus,1,,,,,,,,,
CT,CT964700,HAMMONASSET BEACH STATE PARK BEACH,,,NEW HAVEN,,2016-06-06,10:26:00,,,Enterococcus,140,,,,,,,,,
CT,CT964700,HAMMONASSET BEACH STATE PARK BEACH,,,NEW HAVEN,,2016-06-06,10:20:00,,,Enterococcus,42,,,,,,,,,
CT,CT964700,HAMMONASSET BEACH STATE PARK BEACH,,,NEW HAVEN,,2016-06-06,9:46:00,,,Enterococcus,160,,,,,,,,,
CT,CT964700,HAMMONASSET BEACH STATE PARK BEACH,,,NEW HAVEN,,2016-06-06,10:07:00,,,Enterococcus,75,,,,,,,,,
CT,CT964700,HAMMONASSET BEACH STATE PARK BEACH,,,NEW HAVEN,,2016-06-06,9:50:00,,,Enterococcus,180,,,,,,,,,
CT,CT964700,HAMMONASSET BEACH STATE PARK BEACH,,,NEW HAVEN,,2016-06-06,10:13:00,,,Enterococcus,64,,,,,,,,,
CT,CT964700,HAMMONASSET BEACH STATE PARK BEACH,,,NEW HAVEN,,2016-06-07,12:55:00,,,Enterococcus,1,,,,,,,,,
CT,CT964700,HAMMONASSET BEACH STATE PARK BEACH,,,NEW HAVEN,,2016-06-07,12:35:00,,,Enterococcus,1,,,,,,,,,
CT,CT964700,HAMMONASSET BEACH STATE PARK BEACH,,,NEW HAVEN,,2016-06-07,12:00:00,,,Enterococcus,10,,,,,,,,,
CT,CT964700,HAMMONASSET BEACH STATE PARK BEACH,,,NEW HAVEN,,2016-06-07,12:25:00,,,Enterococcus,1,,,,,,,,,
CT,CT964700,HAMMONASSET BEACH STATE PARK BEACH,,,NEW HAVEN,,2016-06-07,12:05:00,,,Enterococcus,1,,,,,,,,,
CT,CT964700,HAMMONASSET BEACH STATE PARK BEACH,,,NEW HAVEN,,2016-06-07,12:15:00,,,Enterococcus,1,,,,,,,,,
CT,CT964700,HAMMONASSET BEACH STATE PARK BEACH,,,NEW HAVEN,,2016-06-13,11:10:00,,,Enterococcus,1,,,,,,,,,
CT,CT964700,HAMMONASSET BEACH STATE PARK BEACH,,,NEW HAVEN,,2016-06-13,11:05:00,,,Enterococcus,1,,,,,,,,,
CT,CT964700,HAMMONASSET BEACH STATE PARK BEACH,,,NEW HAVEN,,2016-06-13,10:37:00,,,Enterococcus,1,,,,,,,,,
CT,CT964700,HAMMONASSET BEACH STATE PARK BEACH,,,NEW HAVEN,,2016-06-13,10:57:00,,,Enterococcus,1,,,,,,,,,
CT,CT964700,HAMMONASSET BEACH STATE PARK BEACH,,,NEW HAVEN,,2016-06-13,10:39:00,,,Enterococcus,10,,,,,,,,,
CT,CT964700,HAMMONASSET BEACH STATE PARK BEACH,,,NEW HAVEN,,2016-06-13,10:50:00,,,Enterococcus,1,,,,,,,,,
CT,CT964700,HAMMONASSET BEACH STATE PARK BEACH,,,NEW HAVEN,,2016-06-20,10:34:00,,,Enterococcus,1,,,,,,,,,
CT,CT964700,HAMMONASSET BEACH STATE PARK BEACH,,,NEW HAVEN,,2016-06-20,10:25:00,,,Enterococcus,1,,,,,,,,,
CT,CT964700,HAMMONASSET BEACH STATE PARK BEACH,,,NEW HAVEN,,2016-06-20,9:53:00,,,Enterococcus,1,,,,,,,,,
CT,CT964700,HAMMONASSET BEACH STATE PARK BEACH,,,NEW HAVEN,,2016-06-20,10:19:00,,,Enterococcus,1,,,,,,,,,
CT,CT964700,HAMMONASSET BEACH STATE PARK BEACH,,,NEW HAVEN,,2016-06-20,9:55:00,,,Enterococcus,1,,,,,,,,,
CT,CT964700,HAMMONASSET BEACH STATE PARK BEACH,,,NEW HAVEN,,2016-06-20,10:12:00,,,Enterococcus,1,,,,,,,,,
CT,CT964700,HAMMONASSET BEACH STATE PARK BEACH,,,NEW HAVEN,,2016-06-27,10:14:00,,,Enterococcus,1,,,,,,,,,
CT,CT964700,HAMMONASSET BEACH STATE PARK BEACH,,,NEW HAVEN,,2016-06-27,10:06:00,,,Enterococcus,10,,,,,,,,,
CT,CT964700,HAMMONASSET BEACH STATE PARK BEACH,,,NEW HAVEN,,2016-06-27,9:38:00,,,Enterococcus,42,,,,,,,,,
CT,CT964700,HAMMONASSET BEACH STATE PARK BEACH,,,NEW HAVEN,,2016-06-27,9:58:00,,,Enterococcus,1,,,,,,,,,
CT,CT964700,HAMMONASSET BEACH STATE PARK BEACH,,,NEW HAVEN,,2016-06-27,9:40:00,,,Enterococcus,1,,,,,,,,,
CT,CT964700,HAMMONASSET BEACH STATE PARK BEACH,,,NEW HAVEN,,2016-06-27,9:52:00,,,Enterococcus,1,,,,,,,,,
CT,CT964700,HAMMONASSET BEACH STATE PARK BEACH,,,NEW HAVEN,,2016-07-05,10:35:00,,,Enterococcus,1,,,,,,,,,
CT,CT964700,HAMMONASSET BEACH STATE PARK BEACH,,,NEW HAVEN,,2016-07-05,10:30:00,,,Enterococcus,1,,,,,,,,,
CT,CT964700,HAMMONASSET BEACH STATE PARK BEACH,,,NEW HAVEN,,2016-07-05,10:02:00,,,Enterococcus,24200,,,,,,,,,
CT,CT964700,HAMMONASSET BEACH STATE PARK BEACH,,,NEW HAVEN,,2016-07-05,10:20:00,,,Enterococcus,1,,,,,,,,,
CT,CT964700,HAMMONASSET BEACH STATE PARK BEACH,,,NEW HAVEN,,2016-07-05,10:00:00,,,Enterococcus,1,,,,,,,,,
CT,CT964700,HAMMONASSET BEACH STATE PARK BEACH,,,NEW HAVEN,,2016-07-05,10:16:00,,,Enterococcus,1,,,,,,,,,
CT,CT964700,HAMMONASSET BEACH STATE PARK BEACH,,,NEW HAVEN,,2016-07-11,10:14:00,,,Enterococcus,42,,,,,,,,,
CT,CT964700,HAMMONASSET BEACH STATE PARK BEACH,,,NEW HAVEN,,2016-07-11,10:08:00,,,Enterococcus,1,,,,,,,,,
CT,CT964700,HAMMONASSET BEACH STATE PARK BEACH,,,NEW HAVEN,,2016-07-11,9:44:00,,,Enterococcus,1,,,,,,,,,
CT,CT964700,HAMMONASSET BEACH STATE PARK BEACH,,,NEW HAVEN,,2016-07-11,9:58:00,,,Enterococcus,1,,,,,,,,,
CT,CT964700,HAMMONASSET BEACH STATE PARK BEACH,,,NEW HAVEN,,2016-07-11,9:46:00,,,Enterococcus,1,,,,,,,,,
CT,CT964700,HAMMONASSET BEACH STATE PARK BEACH,,,NEW HAVEN,,2016-07-11,9:52:00,,,Enterococcus,1,,,,,,,,,
CT,CT964700,HAMMONASSET BEACH STATE PARK BEACH,,,NEW HAVEN,,2016-07-18,10:18:00,,,Enterococcus,1,,,,,,,,,
CT,CT964700,HAMMONASSET BEACH STATE PARK BEACH,,,NEW HAVEN,,2016-07-18,10:10:00,,,Enterococcus,10,,,,,,,,,
CT,CT964700,HAMMONASSET BEACH STATE PARK BEACH,,,NEW HAVEN,,2016-07-18,9:44:00,,,Enterococcus,20,,,,,,,,,
CT,CT964700,HAMMONASSET BEACH STATE PARK BEACH,,,NEW HAVEN,,2016-07-18,10:04:00,,,Enterococcus,10,,,,,,,,,
CT,CT964700,HAMMONASSET BEACH STATE PARK BEACH,,,NEW HAVEN,,2016-07-18,9:46:00,,,Enterococcus,20,,,,,,,,,
CT,CT964700,HAMMONASSET BEACH STATE PARK BEACH,,,NEW HAVEN,,2016-07-18,9:56:00,,,Enterococcus,20,,,,,,,,,
CT,CT964700,HAMMONASSET BEACH STATE PARK BEACH,,,NEW HAVEN,,2016-07-25,10:36:00,,,Enterococcus,1,,,,,,,,,
CT,CT964700,HAMMONASSET BEACH STATE PARK BEACH,,,NEW HAVEN,,2016-07-25,10:30:00,,,Enterococcus,1,,,,,,,,,
CT,CT964700,HAMMONASSET BEACH STATE PARK BEACH,,,NEW HAVEN,,2016-07-25,10:08:00,,,Enterococcus,220,,,,,,,,,
CT,CT964700,HAMMONASSET BEACH STATE PARK BEACH,,,NEW HAVEN,,2016-07-25,10:25:00,,,Enterococcus,1,,,,,,,,,
CT,CT964700,HAMMONASSET BEACH STATE PARK BEACH,,,NEW HAVEN,,2016-07-25,10:06:00,,,Enterococcus,1,,,,,,,,,
CT,CT964700,HAMMONASSET BEACH STATE PARK BEACH,,,NEW HAVEN,,2016-07-25,10:15:00,,,Enterococcus,10,,,,,,,,,
CT,CT964700,HAMMONASSET BEACH STATE PARK BEACH,,,NEW HAVEN,,2016-08-01,10:15:00,,,Enterococcus,10,,,,,,,,,
CT,CT964700,HAMMONASSET BEACH STATE PARK BEACH,,,NEW HAVEN,,2016-08-01,10:10:00,,,Enterococcus,10,,,,,,,,,
CT,CT964700,HAMMONASSET BEACH STATE PARK BEACH,,,NEW HAVEN,,2016-08-01,9:45:00,,,Enterococcus,1,,,,,,,,,
CT,CT964700,HAMMONASSET BEACH STATE PARK BEACH,,,NEW HAVEN,,2016-08-01,9:47:00,,,Enterococcus,1,,,,,,,,,
CT,CT964700,HAMMONASSET BEACH STATE PARK BEACH,,,NEW HAVEN,,2016-08-01,10:00:00,,,Enterococcus,1,,,,,,,,,
CT,CT964700,HAMMONASSET BEACH STATE PARK BEACH,,,NEW HAVEN,,2016-08-08,10:25:00,,,Enterococcus,1,,,,,,,,,
CT,CT964700,HAMMONASSET BEACH STATE PARK BEACH,,,NEW HAVEN,,2016-08-08,10:15:00,,,Enterococcus,1,,,,,,,,,
CT,CT964700,HAMMONASSET BEACH STATE PARK BEACH,,,NEW HAVEN,,2016-08-08,9:50:00,,,Enterococcus,120,,,,,,,,,
CT,CT964700,HAMMONASSET BEACH STATE PARK BEACH,,,NEW HAVEN,,2016-08-08,10:07:00,,,Enterococcus,1,,,,,,,,,
CT,CT964700,HAMMONASSET BEACH STATE PARK BEACH,,,NEW HAVEN,,2016-08-08,9:25:00,,,Enterococcus,1,,,,,,,,,
CT,CT964700,HAMMONASSET BEACH STATE PARK BEACH,,,NEW HAVEN,,2016-08-08,10:00:00,,,Enterococcus,1,,,,,,,,,
CT,CT964700,HAMMONASSET BEACH STATE PARK BEACH,,,NEW HAVEN,,2016-08-15,10:06:00,,,Enterococcus,1,,,,,,,,,
CT,CT964700,HAMMONASSET BEACH STATE PARK BEACH,,,NEW HAVEN,,2016-08-15,10:00:00,,,Enterococcus,1,,,,,,,,,
CT,CT964700,HAMMONASSET BEACH STATE PARK BEACH,,,NEW HAVEN,,2016-08-15,9:32:00,,,Enterococcus,1,,,,,,,,,
CT,CT964700,HAMMONASSET BEACH STATE PARK BEACH,,,NEW HAVEN,,2016-08-15,9:52:00,,,Enterococcus,10,,,,,,,,,
CT,CT964700,HAMMONASSET BEACH STATE PARK BEACH,,,NEW HAVEN,,2016-08-15,9:34:00,,,Enterococcus,1,,,,,,,,,
CT,CT964700,HAMMONASSET BEACH STATE PARK BEACH,,,NEW HAVEN,,2016-08-15,9:48:00,,,Enterococcus,1,,,,,,,,,
CT,CT964700,HAMMONASSET BEACH STATE PARK BEACH,,,NEW HAVEN,,2016-08-22,10:10:00,,,Enterococcus,1,,,,,,,,,
CT,CT964700,HAMMONASSET BEACH STATE PARK BEACH,,,NEW HAVEN,,2016-08-22,10:02:00,,,Enterococcus,1,,,,,,,,,
CT,CT964700,HAMMONASSET BEACH STATE PARK BEACH,,,NEW HAVEN,,2016-08-22,9:37:00,,,Enterococcus,180,,,,,,,,,
CT,CT964700,HAMMONASSET BEACH STATE PARK BEACH,,,NEW HAVEN,,2016-08-22,9:55:00,,,Enterococcus,10,,,,,,,,,
CT,CT964700,HAMMONASSET BEACH STATE PARK BEACH,,,NEW HAVEN,,2016-08-22,9:35:00,,,Enterococcus,1,,,,,,,,,
CT,CT964700,HAMMONASSET BEACH STATE PARK BEACH,,,NEW HAVEN,,2016-08-22,9:48:00,,,Enterococcus,1,,,,,,,,,
CT,CT964700,HAMMONASSET BEACH STATE PARK BEACH,,,NEW HAVEN,,2016-08-29,10:23:00,,,Enterococcus,20,,,,,,,,,
CT,CT964700,HAMMONASSET BEACH STATE PARK BEACH,,,NEW HAVEN,,2016-08-29,10:15:00,,,Enterococcus,1,,,,,,,,,
CT,CT964700,HAMMONASSET BEACH STATE PARK BEACH,,,NEW HAVEN,,2016-08-29,9:53:00,,,Enterococcus,10,,,,,,,,,
CT,CT964700,HAMMONASSET BEACH STATE PARK BEACH,,,NEW HAVEN,,2016-08-29,10:08:00,,,Enterococcus,1,,,,,,,,,
CT,CT964700,HAMMONASSET BEACH STATE PARK BEACH,,,NEW HAVEN,,2016-08-29,9:54:00,,,Enterococcus,1,,,,,,,,,
CT,CT964700,HAMMONASSET BEACH STATE PARK BEACH,,,NEW HAVEN,,2016-08-29,10:05:00,,,Enterococcus,1,,,,,,,,,
CT,CT964700,HAMMONASSET BEACH STATE PARK BEACH,,,NEW HAVEN,,2017-05-22,11:55:00,,,Enterococcus,1,,,,,,,,,
CT,CT964700,HAMMONASSET BEACH STATE PARK BEACH,,,NEW HAVEN,,2017-05-22,11:45:00,,,Enterococcus,1,,,,,,,,,
CT,CT964700,HAMMONASSET BEACH STATE PARK BEACH,,,NEW HAVEN,,2017-05-22,11:12:00,,,Enterococcus,53,,,,,,,,,
CT,CT964700,HAMMONASSET BEACH STATE PARK BEACH,,,NEW HAVEN,,2017-05-22,11:35:00,,,Enterococcus,1,,,,,,,,,
CT,CT964700,HAMMONASSET BEACH STATE PARK BEACH,,,NEW HAVEN,,2017-05-22,11:10:00,,,Enterococcus,1,,,,,,,,,
CT,CT964700,HAMMONASSET BEACH STATE PARK BEACH,,,NEW HAVEN,,2017-05-22,11:30:00,,,Enterococcus,1,,,,,,,,,
CT,CT964700,HAMMONASSET BEACH STATE PARK BEACH,,,NEW HAVEN,,2017-05-30,11:08:00,,,Enterococcus,1,,,,,,,,,
CT,CT964700,HAMMONASSET BEACH STATE PARK BEACH,,,NEW HAVEN,,2017-05-30,10:59:00,,,Enterococcus,1,,,,,,,,,
CT,CT964700,HAMMONASSET BEACH STATE PARK BEACH,,,NEW HAVEN,,2017-05-30,10:29:00,,,Enterococcus,87,,,,,,,,,
CT,CT964700,HAMMONASSET BEACH STATE PARK BEACH,,,NEW HAVEN,,2017-05-30,10:52:00,,,Enterococcus,1,,,,,,,,,
CT,CT964700,HAMMONASSET BEACH STATE PARK BEACH,,,NEW HAVEN,,2017-05-30,10:31:00,,,Enterococcus,1,,,,,,,,,
CT,CT964700,HAMMONASSET BEACH STATE PARK BEACH,,,NEW HAVEN,,2017-05-30,10:43:00,,,Enterococcus,1,,,,,,,,,
CT,CT964700,HAMMONASSET BEACH STATE PARK BEACH,,,NEW HAVEN,,2017-06-05,10:40:00,,,Enterococcus,1,,,,,,,,,
CT,CT964700,HAMMONASSET BEACH STATE PARK BEACH,,,NEW HAVEN,,2017-06-05,10:36:00,,,Enterococcus,1,,,,,,,,,
CT,CT964700,HAMMONASSET BEACH STATE PARK BEACH,,,NEW HAVEN,,2017-06-05,10:08:00,,,Enterococcus,31,,,,,,,,,
CT,CT964700,HAMMONASSET BEACH STATE PARK BEACH,,,NEW HAVEN,,2017-06-05,10:30:00,,,Enterococcus,1,,,,,,,,,
CT,CT964700,HAMMONASSET BEACH STATE PARK BEACH,,,NEW HAVEN,,2017-06-05,10:08:00,,,Enterococcus,1,,,,,,,,,
CT,CT964700,HAMMONASSET BEACH STATE PARK BEACH,,,NEW HAVEN,,2017-06-05,10:22:00,,,Enterococcus,1,,,,,,,,,
CT,CT964700,HAMMONASSET BEACH STATE PARK BEACH,,,NEW HAVEN,,2017-06-12,10:50:00,,,Enterococcus,1,,,,,,,,,
CT,CT964700,HAMMONASSET BEACH STATE PARK BEACH,,,NEW HAVEN,,2017-06-12,10:44:00,,,Enterococcus,1,,,,,,,,,
CT,CT964700,HAMMONASSET BEACH STATE PARK BEACH,,,NEW HAVEN,,2017-06-12,10:10:00,,,Enterococcus,20,,,,,,,,,
CT,CT964700,HAMMONASSET BEACH STATE PARK BEACH,,,NEW HAVEN,,2017-06-12,10:36:00,,,Enterococcus,1,,,,,,,,,
CT,CT964700,HAMMONASSET BEACH STATE PARK BEACH,,,NEW HAVEN,,2017-06-12,10:12:00,,,Enterococcus,1,,,,,,,,,
CT,CT964700,HAMMONASSET BEACH STATE PARK BEACH,,,NEW HAVEN,,2017-06-12,10:28:00,,,Enterococcus,1,,,,,,,,,
CT,CT964700,HAMMONASSET BEACH STATE PARK BEACH,,,NEW HAVEN,,2017-06-19,10:13:00,,,Enterococcus,1,,,,,,,,,
CT,CT964700,HAMMONASSET BEACH STATE PARK BEACH,,,NEW HAVEN,,2017-06-19,10:05:00,,,Enterococcus,42,,,,,,,,,
CT,CT964700,HAMMONASSET BEACH STATE PARK BEACH,,,NEW HAVEN,,2017-06-19,9:41:00,,,Enterococcus,120,,,,,,,,,
CT,CT964700,HAMMONASSET BEACH STATE PARK BEACH,,,NEW HAVEN,,2017-06-19,9:59:00,,,Enterococcus,87,,,,,,,,,
CT,CT964700,HAMMONASSET BEACH STATE PARK BEACH,,,NEW HAVEN,,2017-06-19,9:43:00,,,Enterococcus,20,,,,,,,,,
CT,CT964700,HAMMONASSET BEACH STATE PARK BEACH,,,NEW HAVEN,,2017-06-19,9:55:00,,,Enterococcus,53,,,,,,,,,
CT,CT964700,HAMMONASSET BEACH STATE PARK BEACH,,,NEW HAVEN,,2017-06-26,10:35:00,,,Enterococcus,10,,,,,,,,,
CT,CT964700,HAMMONASSET BEACH STATE PARK BEACH,,,NEW HAVEN,,2017-06-26,10:28:00,,,Enterococcus,1,,,,,,,,,
CT,CT964700,HAMMONASSET BEACH STATE PARK BEACH,,,NEW HAVEN,,2017-06-26,9:42:00,,,Enterococcus,150,,,,,,,,,
CT,CT964700,HAMMONASSET BEACH STATE PARK BEACH,,,NEW HAVEN,,2017-06-26,10:00:00,,,Enterococcus,10,,,,,,,,,
CT,CT964700,HAMMONASSET BEACH STATE PARK BEACH,,,NEW HAVEN,,2017-06-26,9:42:00,,,Enterococcus,1,,,,,,,,,
CT,CT964700,HAMMONASSET BEACH STATE PARK BEACH,,,NEW HAVEN,,2017-06-26,9:55:00,,,Enterococcus,1,,,,,,,,,
CT,CT964700,HAMMONASSET BEACH STATE PARK BEACH,,,NEW HAVEN,,2017-07-05,10:38:00,,,Enterococcus,1,,,,,,,,,
CT,CT964700,HAMMONASSET BEACH STATE PARK BEACH,,,NEW HAVEN,,2017-07-05,10:30:00,,,Enterococcus,1,,,,,,,,,
CT,CT964700,HAMMONASSET BEACH STATE PARK BEACH,,,NEW HAVEN,,2017-07-05,10:05:00,,,Enterococcus,1,,,,,,,,,
CT,CT964700,HAMMONASSET BEACH STATE PARK BEACH,,,NEW HAVEN,,2017-07-05,10:23:00,,,Enterococcus,1,,,,,,,,,
CT,CT964700,HAMMONASSET BEACH STATE PARK BEACH,,,NEW HAVEN,,2017-07-05,10:05:00,,,Enterococcus,1,,,,,,,,,
CT,CT964700,HAMMONASSET BEACH STATE PARK BEACH,,,NEW HAVEN,,2017-07-05,10:19:00,,,Enterococcus,1,,,,,,,,,
CT,CT964700,HAMMONASSET BEACH STATE PARK BEACH,,,NEW HAVEN,,2017-07-12,10:17:00,,,Enterococcus,1,,,,,,,,,
CT,CT964700,HAMMONASSET BEACH STATE PARK BEACH,,,NEW HAVEN,,2017-07-12,10:10:00,,,Enterococcus,1,,,,,,,,,
CT,CT964700,HAMMONASSET BEACH STATE PARK BEACH,,,NEW HAVEN,,2017-07-12,9:46:00,,,Enterococcus,99,,,,,,,,,
CT,CT964700,HAMMONASSET BEACH STATE PARK BEACH,,,NEW HAVEN,,2017-07-12,10:03:00,,,Enterococcus,1,,,,,,,,,
CT,CT964700,HAMMONASSET BEACH STATE PARK BEACH,,,NEW HAVEN,,2017-07-12,9:48:00,,,Enterococcus,20,,,,,,,,,
CT,CT964700,HAMMONASSET BEACH STATE PARK BEACH,,,NEW HAVEN,,2017-07-12,9:56:00,,,Enterococcus,1,,,,,,,,,
CT,CT964700,HAMMONASSET BEACH STATE PARK BEACH,,,NEW HAVEN,,2017-07-19,10:33:00,,,Enterococcus,1,,,,,,,,,
CT,CT964700,HAMMONASSET BEACH STATE PARK BEACH,,,NEW HAVEN,,2017-07-19,10:28:00,,,Enterococcus,10,,,,,,,,,
CT,CT964700,HAMMONASSET BEACH STATE PARK BEACH,,,NEW HAVEN,,2017-07-19,10:05:00,,,Enterococcus,20,,,,,,,,,
CT,CT964700,HAMMONASSET BEACH STATE PARK BEACH,,,NEW HAVEN,,2017-07-19,10:22:00,,,Enterococcus,1,,,,,,,,,
CT,CT964700,HAMMONASSET BEACH STATE PARK BEACH,,,NEW HAVEN,,2017-07-19,10:04:00,,,Enterococcus,1,,,,,,,,,
CT,CT964700,HAMMONASSET BEACH STATE PARK BEACH,,,NEW HAVEN,,2017-07-19,10:16:00,,,Enterococcus,1,,,,,,,,,
CT,CT964700,HAMMONASSET BEACH STATE PARK BEACH,,,NEW HAVEN,,2017-07-26,10:39:00,,,Enterococcus,1,,,,,,,,,
CT,CT964700,HAMMONASSET BEACH STATE PARK BEACH,,,NEW HAVEN,,2017-07-26,10:31:00,,,Enterococcus,1,,,,,,,,,
CT,CT964700,HAMMONASSET BEACH STATE PARK BEACH,,,NEW HAVEN,,2017-07-26,10:07:00,,,Enterococcus,31,,,,,,,,,
CT,CT964700,HAMMONASSET BEACH STATE PARK BEACH,,,NEW HAVEN,,2017-07-26,10:23:00,,,Enterococcus,1,,,,,,,,,
CT,CT964700,HAMMONASSET BEACH STATE PARK BEACH,,,NEW HAVEN,,2017-07-26,10:07:00,,,Enterococcus,1,,,,,,,,,
CT,CT964700,HAMMONASSET BEACH STATE PARK BEACH,,,NEW HAVEN,,2017-07-26,10:18:00,,,Enterococcus,1,,,,,,,,,
CT,CT964700,HAMMONASSET BEACH STATE PARK BEACH,,,NEW HAVEN,,2017-08-02,10:26:00,,,Enterococcus,1,,,,,,,,,
CT,CT964700,HAMMONASSET BEACH STATE PARK BEACH,,,NEW HAVEN,,2017-08-02,10:16:00,,,Enterococcus,42,,,,,,,,,
CT,CT964700,HAMMONASSET BEACH STATE PARK BEACH,,,NEW HAVEN,,2017-08-02,9:52:00,,,Enterococcus,87,,,,,,,,,
CT,CT964700,HAMMONASSET BEACH STATE PARK BEACH,,,NEW HAVEN,,2017-08-02,10:08:00,,,Enterococcus,10,,,,,,,,,
CT,CT964700,HAMMONASSET BEACH STATE PARK BEACH,,,NEW HAVEN,,2017-08-02,9:54:00,,,Enterococcus,10,,,,,,,,,
CT,CT964700,HAMMONASSET BEACH STATE PARK BEACH,,,NEW HAVEN,,2017-08-02,10:06:00,,,Enterococcus,1,,,,,,,,,
CT,CT964700,HAMMONASSET BEACH STATE PARK BEACH,,,NEW HAVEN,,2017-08-09,10:35:00,,,Enterococcus,1,,,,,,,,,
CT,CT964700,HAMMONASSET BEACH STATE PARK BEACH,,,NEW HAVEN,,2017-08-09,10:27:00,,,Enterococcus,1,,,,,,,,,
CT,CT964700,HAMMONASSET BEACH STATE PARK BEACH,,,NEW HAVEN,,2017-08-09,10:05:00,,,Enterococcus,10,,,,,,,,,
CT,CT964700,HAMMONASSET BEACH STATE PARK BEACH,,,NEW HAVEN,,2017-08-09,10:19:00,,,Enterococcus,10,,,,,,,,,
CT,CT964700,HAMMONASSET BEACH STATE PARK BEACH,,,NEW HAVEN,,2017-08-09,10:07:00,,,Enterococcus,1,,,,,,,,,
CT,CT964700,HAMMONASSET BEACH STATE PARK BEACH,,,NEW HAVEN,,2017-08-09,10:15:00,,,Enterococcus,1,,,,,,,,,
CT,CT964700,HAMMONASSET BEACH STATE PARK BEACH,,,NEW HAVEN,,2017-08-16,10:20:00,,,Enterococcus,1,,,,,,,,,
CT,CT964700,HAMMONASSET BEACH STATE PARK BEACH,,,NEW HAVEN,,2017-08-16,10:12:00,,,Enterococcus,1,,,,,,,,,
CT,CT964700,HAMMONASSET BEACH STATE PARK BEACH,,,NEW HAVEN,,2017-08-16,9:46:00,,,Enterococcus,42,,,,,,,,,
CT,CT964700,HAMMONASSET BEACH STATE PARK BEACH,,,NEW HAVEN,,2017-08-16,10:07:00,,,Enterococcus,10,,,,,,,,,
CT,CT964700,HAMMONASSET BEACH STATE PARK BEACH,,,NEW HAVEN,,2017-08-16,9:46:00,,,Enterococcus,1,,,,,,,,,
CT,CT964700,HAMMONASSET BEACH STATE PARK BEACH,,,NEW HAVEN,,2017-08-16,10:01:00,,,Enterococcus,10,,,,,,,,,
CT,CT964700,HAMMONASSET BEACH STATE PARK BEACH,,,NEW HAVEN,,2017-08-23,10:14:00,,,Enterococcus,340,,,,,,,,,
CT,CT964700,HAMMONASSET BEACH STATE PARK BEACH,,,NEW HAVEN,,2017-08-23,10:05:00,,,Enterococcus,180,,,,,,,,,
CT,CT964700,HAMMONASSET BEACH STATE PARK BEACH,,,NEW HAVEN,,2017-08-23,9:42:00,,,Enterococcus,380,,,,,,,,,
CT,CT964700,HAMMONASSET BEACH STATE PARK BEACH,,,NEW HAVEN,,2017-08-23,9:58:00,,,Enterococcus,180,,,,,,,,,
CT,CT964700,HAMMONASSET BEACH STATE PARK BEACH,,,NEW HAVEN,,2017-08-23,9:42:00,,,Enterococcus,150,,,,,,,,,
CT,CT964700,HAMMONASSET BEACH STATE PARK BEACH,,,NEW HAVEN,,2017-08-23,9:54:00,,,Enterococcus,160,,,,,,,,,
CT,CT964700,HAMMONASSET BEACH STATE PARK BEACH,,,NEW HAVEN,,2017-08-25,7:27:00,,,Enterococcus,31,,,,,,,,,
CT,CT964700,HAMMONASSET BEACH STATE PARK BEACH,,,NEW HAVEN,,2017-08-25,7:27:00,,,Enterococcus,10,,,,,,,,,
CT,CT964700,HAMMONASSET BEACH STATE PARK BEACH,,,NEW HAVEN,,2017-08-25,6:57:00,,,Enterococcus,99,,,,,,,,,
CT,CT964700,HAMMONASSET BEACH STATE PARK BEACH,,,NEW HAVEN,,2017-08-25,7:21:00,,,Enterococcus,20,,,,,,,,,
CT,CT964700,HAMMONASSET BEACH STATE PARK BEACH,,,NEW HAVEN,,2017-08-25,6:59:00,,,Enterococcus,1,,,,,,,,,
CT,CT964700,HAMMONASSET BEACH STATE PARK BEACH,,,NEW HAVEN,,2017-08-25,7:14:00,,,Enterococcus,1,,,,,,,,,
CT,CT964700,HAMMONASSET BEACH STATE PARK BEACH,,,NEW HAVEN,,2017-08-30,10:07:00,,,Enterococcus,10,,,,,,,,,
CT,CT964700,HAMMONASSET BEACH STATE PARK BEACH,,,NEW HAVEN,,2017-08-30,10:02:00,,,Enterococcus,1,,,,,,,,,
CT,CT964700,HAMMONASSET BEACH STATE PARK BEACH,,,NEW HAVEN,,2017-08-30,9:40:00,,,Enterococcus,87,,,,,,,,,
CT,CT964700,HAMMONASSET BEACH STATE PARK BEACH,,,NEW HAVEN,,2017-08-30,9:56:00,,,Enterococcus,1,,,,,,,,,
CT,CT964700,HAMMONASSET BEACH STATE PARK BEACH,,,NEW HAVEN,,2017-08-30,9:40:00,,,Enterococcus,10,,,,,,,,,
CT,CT964700,HAMMONASSET BEACH STATE PARK BEACH,,,NEW HAVEN,,2017-08-30,9:52:00,,,Enterococcus,1,,,,,,,,,
CT,CT207829,ROCKY NECK STATE PARK BEACH,,,NEW LONDON,,2016-05-23,10:10:00,,,Enterococcus,1,,,,,,,,,
CT,CT207829,ROCKY NECK STATE PARK BEACH,,,NEW LONDON,,2016-05-31,9:29:00,,,Enterococcus,270,,,,,,,,,
CT,CT207829,ROCKY NECK STATE PARK BEACH,,,NEW LONDON,,2016-06-02,13:31:00,,,Enterococcus,1,,,,,,,,,
CT,CT207829,ROCKY NECK STATE PARK BEACH,,,NEW LONDON,,2016-06-06,9:10:00,,,Enterococcus,1,,,,,,,,,
CT,CT207829,ROCKY NECK STATE PARK BEACH,,,NEW LONDON,,2016-06-13,10:01:00,,,Enterococcus,1,,,,,,,,,
CT,CT207829,ROCKY NECK STATE PARK BEACH,,,NEW LONDON,,2016-06-20,9:13:00,,,Enterococcus,1,,,,,,,,,
CT,CT207829,ROCKY NECK STATE PARK BEACH,,,NEW LONDON,,2016-06-27,8:56:00,,,Enterococcus,10,,,,,,,,,
CT,CT207829,ROCKY NECK STATE PARK BEACH,,,NEW LONDON,,2016-07-05,9:26:00,,,Enterococcus,1,,,,,,,,,
CT,CT207829,ROCKY NECK STATE PARK BEACH,,,NEW LONDON,,2016-07-11,9:00:00,,,Enterococcus,1,,,,,,,,,
CT,CT207829,ROCKY NECK STATE PARK BEACH,,,NEW LONDON,,2016-07-18,9:08:00,,,Enterococcus,1,,,,,,,,,
CT,CT207829,ROCKY NECK STATE PARK BEACH,,,NEW LONDON,,2016-07-25,9:26:00,,,Enterococcus,1,,,,,,,,,
CT,CT207829,ROCKY NECK STATE PARK BEACH,,,NEW LONDON,,2016-08-01,9:11:00,,,Enterococcus,1,,,,,,,,,
CT,CT207829,ROCKY NECK STATE PARK BEACH,,,NEW LONDON,,2016-08-08,9:06:00,,,Enterococcus,1,,,,,,,,,
CT,CT207829,ROCKY NECK STATE PARK BEACH,,,NEW LONDON,,2016-08-15,8:56:00,,,Enterococcus,1,,,,,,,,,
CT,CT207829,ROCKY NECK STATE PARK BEACH,,,NEW LONDON,,2016-08-22,9:00:00,,,Enterococcus,10,,,,,,,,,
CT,CT207829,ROCKY NECK STATE PARK BEACH,,,NEW LONDON,,2016-08-29,9:16:00,,,Enterococcus,20,,,,,,,,,
CT,CT207829,ROCKY NECK STATE PARK BEACH,,,NEW LONDON,,2017-05-22,10:14:00,,,Enterococcus,10,,,,,,,,,
CT,CT207829,ROCKY NECK STATE PARK BEACH,,,NEW LONDON,,2017-05-30,9:48:00,,,Enterococcus,10,,,,,,,,,
CT,CT207829,ROCKY NECK STATE PARK BEACH,,,NEW LONDON,,2017-06-05,9:26:00,,,Enterococcus,1,,,,,,,,,
CT,CT207829,ROCKY NECK STATE PARK BEACH,,,NEW LONDON,,2017-06-12,9:22:00,,,Enterococcus,1,,,,,,,,,
CT,CT207829,ROCKY NECK STATE PARK BEACH,,,NEW LONDON,,2017-06-19,8:59:00,,,Enterococcus,1,,,,,,,,,
CT,CT207829,ROCKY NECK STATE PARK BEACH,,,NEW LONDON,,2017-06-26,9:06:00,,,Enterococcus,10,,,,,,,,,
CT,CT207829,ROCKY NECK STATE PARK BEACH,,,NEW LONDON,,2017-07-05,9:26:00,,,Enterococcus,1,,,,,,,,,
CT,CT207829,ROCKY NECK STATE PARK BEACH,,,NEW LONDON,,2017-07-12,9:11:00,,,Enterococcus,700,,,,,,,,,
CT,CT207829,ROCKY NECK STATE PARK BEACH,,,NEW LONDON,,2017-07-17,8:37:00,,,Enterococcus,31,,,,,,,,,
CT,CT207829,ROCKY NECK STATE PARK BEACH,,,NEW LONDON,,2017-07-19,9:21:00,,,Enterococcus,10,,,,,,,,,
CT,CT207829,ROCKY NECK STATE PARK BEACH,,,NEW LONDON,,2017-07-26,9:32:00,,,Enterococcus,110,,,,,,,,,
CT,CT207829,ROCKY NECK STATE PARK BEACH,,,NEW LONDON,,2017-08-02,9:20:00,,,Enterococcus,10,,,,,,,,,
CT,CT207829,ROCKY NECK STATE PARK BEACH,,,NEW LONDON,,2017-08-09,9:21:00,,,Enterococcus,31,,,,,,,,,
CT,CT207829,ROCKY NECK STATE PARK BEACH,,,NEW LONDON,,2017-08-16,9:11:00,,,Enterococcus,64,,,,,,,,,
CT,CT207829,ROCKY NECK STATE PARK BEACH,,,NEW LONDON,,2017-08-23,9:06:00,,,Enterococcus,190,,,,,,,,,
CT,CT207829,ROCKY NECK STATE PARK BEACH,,,NEW LONDON,,2017-08-25,7:27:00,,,Enterococcus,10,,,,,,,,,
CT,CT207829,ROCKY NECK STATE PARK BEACH,,,NEW LONDON,,2017-08-30,9:07:00,,,Enterococcus,20,,,,,,,,,
CT,CT207829,ROCKY NECK STATE PARK BEACH,,,NEW LONDON,,2016-05-23,10:05:00,,,Enterococcus,1,,,,,,,,,
CT,CT207829,ROCKY NECK STATE PARK BEACH,,,NEW LONDON,,2016-05-31,9:26:00,,,Enterococcus,270,,,,,,,,,
CT,CT207829,ROCKY NECK STATE PARK BEACH,,,NEW LONDON,,2016-06-01,13:29:00,,,Enterococcus,1,,,,,,,,,
CT,CT207829,ROCKY NECK STATE PARK BEACH,,,NEW LONDON,,2016-06-06,9:07:00,,,Enterococcus,1,,,,,,,,,
CT,CT207829,ROCKY NECK STATE PARK BEACH,,,NEW LONDON,,2016-06-13,9:59:00,,,Enterococcus,1,,,,,,,,,
CT,CT207829,ROCKY NECK STATE PARK BEACH,,,NEW LONDON,,2016-06-20,9:11:00,,,Enterococcus,1,,,,,,,,,
CT,CT207829,ROCKY NECK STATE PARK BEACH,,,NEW LONDON,,2016-06-27,8:54:00,,,Enterococcus,1,,,,,,,,,
CT,CT207829,ROCKY NECK STATE PARK BEACH,,,NEW LONDON,,2016-07-05,9:24:00,,,Enterococcus,1,,,,,,,,,
CT,CT207829,ROCKY NECK STATE PARK BEACH,,,NEW LONDON,,2016-07-11,8:58:00,,,Enterococcus,1,,,,,,,,,
CT,CT207829,ROCKY NECK STATE PARK BEACH,,,NEW LONDON,,2016-07-18,9:06:00,,,Enterococcus,1,,,,,,,,,
CT,CT207829,ROCKY NECK STATE PARK BEACH,,,NEW LONDON,,2016-07-25,9:24:00,,,Enterococcus,10,,,,,,,,,
CT,CT207829,ROCKY NECK STATE PARK BEACH,,,NEW LONDON,,2016-08-01,9:09:00,,,Enterococcus,1,,,,,,,,,
CT,CT207829,ROCKY NECK STATE PARK BEACH,,,NEW LONDON,,2016-08-08,9:04:00,,,Enterococcus,1,,,,,,,,,
CT,CT207829,ROCKY NECK STATE PARK BEACH,,,NEW LONDON,,2016-08-15,8:54:00,,,Enterococcus,1,,,,,,,,,
CT,CT207829,ROCKY NECK STATE PARK BEACH,,,NEW LONDON,,2016-08-22,8:59:00,,,Enterococcus,20,,,,,,,,,
CT,CT207829,ROCKY NECK STATE PARK BEACH,,,NEW LONDON,,2016-08-29,9:14:00,,,Enterococcus,10,,,,,,,,,
CT,CT207829,ROCKY NECK STATE PARK BEACH,,,NEW LONDON,,2017-05-22,10:12:00,,,Enterococcus,1,,,,,,,,,
CT,CT207829,ROCKY NECK STATE PARK BEACH,,,NEW LONDON,,2017-05-30,9:46:00,,,Enterococcus,10,,,,,,,,,
CT,CT207829,ROCKY NECK STATE PARK BEACH,,,NEW LONDON,,2017-06-05,9:24:00,,,Enterococcus,1,,,,,,,,,
CT,CT207829,ROCKY NECK STATE PARK BEACH,,,NEW LONDON,,2017-06-12,9:20:00,,,Enterococcus,1,,,,,,,,,
CT,CT207829,ROCKY NECK STATE PARK BEACH,,,NEW LONDON,,2017-06-19,9:01:00,,,Enterococcus,1,,,,,,,,,
CT,CT207829,ROCKY NECK STATE PARK BEACH,,,NEW LONDON,,2017-06-26,9:04:00,,,Enterococcus,1,,,,,,,,,
CT,CT207829,ROCKY NECK STATE PARK BEACH,,,NEW LONDON,,2017-07-05,9:24:00,,,Enterococcus,1,,,,,,,,,
CT,CT207829,ROCKY NECK STATE PARK BEACH,,,NEW LONDON,,2017-07-12,9:09:00,,,Enterococcus,450,,,,,,,,,
CT,CT207829,ROCKY NECK STATE PARK BEACH,,,NEW LONDON,,2017-07-17,8:25:00,,,Enterococcus,64,,,,,,,,,
CT,CT207829,ROCKY NECK STATE PARK BEACH,,,NEW LONDON,,2017-07-19,9:19:00,,,Enterococcus,20,,,,,,,,,
CT,CT207829,ROCKY NECK STATE PARK BEACH,,,NEW LONDON,,2017-07-26,9:30:00,,,Enterococcus,1,,,,,,,,,
CT,CT207829,ROCKY NECK STATE PARK BEACH,,,NEW LONDON,,2017-08-02,9:18:00,,,Enterococcus,1,,,,,,,,,
CT,CT207829,ROCKY NECK STATE PARK BEACH,,,NEW LONDON,,2017-08-09,9:19:00,,,Enterococcus,10,,,,,,,,,
CT,CT207829,ROCKY NECK STATE PARK BEACH,,,NEW LONDON,,2017-08-16,9:09:00,,,Enterococcus,53,,,,,,,,,
CT,CT207829,ROCKY NECK STATE PARK BEACH,,,NEW LONDON,,2017-08-23,9:04:00,,,Enterococcus,64,,,,,,,,,
CT,CT207829,ROCKY NECK STATE PARK BEACH,,,NEW LONDON,,2017-08-25,7:25:00,,,Enterococcus,1,,,,,,,,,
CT,CT207829,ROCKY NECK STATE PARK BEACH,,,NEW LONDON,,2017-08-30,9:05:00,,,Enterococcus,31,,,,,,,,,
CT,CT207829,ROCKY NECK STATE PARK BEACH,,,NEW LONDON,,2016-05-23,10:00:00,,,Enterococcus,1,,,,,,,,,
CT,CT207829,ROCKY NECK STATE PARK BEACH,,,NEW LONDON,,2016-05-31,9:23:00,,,Enterococcus,110,,,,,,,,,
CT,CT207829,ROCKY NECK STATE PARK BEACH,,,NEW LONDON,,2016-06-01,13:27:00,,,Enterococcus,120,,,,,,,,,
CT,CT207829,ROCKY NECK STATE PARK BEACH,,,NEW LONDON,,2016-06-06,9:03:00,,,Enterococcus,1,,,,,,,,,
CT,CT207829,ROCKY NECK STATE PARK BEACH,,,NEW LONDON,,2016-06-13,9:57:00,,,Enterococcus,1,,,,,,,,,
CT,CT207829,ROCKY NECK STATE PARK BEACH,,,NEW LONDON,,2016-06-20,9:09:00,,,Enterococcus,1,,,,,,,,,
CT,CT207829,ROCKY NECK STATE PARK BEACH,,,NEW LONDON,,2016-06-27,8:52:00,,,Enterococcus,1,,,,,,,,,
CT,CT207829,ROCKY NECK STATE PARK BEACH,,,NEW LONDON,,2016-07-05,9:22:00,,,Enterococcus,1,,,,,,,,,
CT,CT207829,ROCKY NECK STATE PARK BEACH,,,NEW LONDON,,2016-07-11,8:56:00,,,Enterococcus,1,,,,,,,,,
CT,CT207829,ROCKY NECK STATE PARK BEACH,,,NEW LONDON,,2016-07-18,9:04:00,,,Enterococcus,10,,,,,,,,,
CT,CT207829,ROCKY NECK STATE PARK BEACH,,,NEW LONDON,,2016-07-25,9:22:00,,,Enterococcus,1,,,,,,,,,
CT,CT207829,ROCKY NECK STATE PARK BEACH,,,NEW LONDON,,2016-08-01,9:07:00,,,Enterococcus,1,,,,,,,,,
CT,CT207829,ROCKY NECK STATE PARK BEACH,,,NEW LONDON,,2016-08-08,9:02:00,,,Enterococcus,1,,,,,,,,,
CT,CT207829,ROCKY NECK STATE PARK BEACH,,,NEW LONDON,,2016-08-15,8:52:00,,,Enterococcus,1,,,,,,,,,
CT,CT207829,ROCKY NECK STATE PARK BEACH,,,NEW LONDON,,2016-08-22,8:57:00,,,Enterococcus,1,,,,,,,,,
CT,CT207829,ROCKY NECK STATE PARK BEACH,,,NEW LONDON,,2016-08-29,9:12:00,,,Enterococcus,10,,,,,,,,,
CT,CT207829,ROCKY NECK STATE PARK BEACH,,,NEW LONDON,,2017-05-22,10:10:00,,,Enterococcus,1,,,,,,,,,
CT,CT207829,ROCKY NECK STATE PARK BEACH,,,NEW LONDON,,2017-05-30,9:44:00,,,Enterococcus,1,,,,,,,,,
CT,CT207829,ROCKY NECK STATE PARK BEACH,,,NEW LONDON,,2017-06-05,9:22:00,,,Enterococcus,1,,,,,,,,,
CT,CT207829,ROCKY NECK STATE PARK BEACH,,,NEW LONDON,,2017-06-12,9:18:00,,,Enterococcus,1,,,,,,,,,
CT,CT207829,ROCKY NECK STATE PARK BEACH,,,NEW LONDON,,2017-06-19,9:03:00,,,Enterococcus,1,,,,,,,,,
CT,CT207829,ROCKY NECK STATE PARK BEACH,,,NEW LONDON,,2017-06-27,9:02:00,,,Enterococcus,1,,,,,,,,,
CT,CT207829,ROCKY NECK STATE PARK BEACH,,,NEW LONDON,,2017-07-05,9:22:00,,,Enterococcus,10,,,,,,,,,
CT,CT207829,ROCKY NECK STATE PARK BEACH,,,NEW LONDON,,2017-07-12,9:07:00,,,Enterococcus,160,,,,,,,,,
CT,CT207829,ROCKY NECK STATE PARK BEACH,,,NEW LONDON,,2017-07-17,8:27:00,,,Enterococcus,10,,,,,,,,,
CT,CT207829,ROCKY NECK STATE PARK BEACH,,,NEW LONDON,,2017-07-19,9:17:00,,,Enterococcus,1,,,,,,,,,
CT,CT207829,ROCKY NECK STATE PARK BEACH,,,NEW LONDON,,2017-07-26,9:28:00,,,Enterococcus,1,,,,,,,,,
CT,CT207829,ROCKY NECK STATE PARK BEACH,,,NEW LONDON,,2017-08-02,9:16:00,,,Enterococcus,75,,,,,,,,,
CT,CT207829,ROCKY NECK STATE PARK BEACH,,,NEW LONDON,,2017-08-09,9:17:00,,,Enterococcus,1,,,,,,,,,
CT,CT207829,ROCKY NECK STATE PARK BEACH,,,NEW LONDON,,2017-08-16,9:07:00,,,Enterococcus,75,,,,,,,,,
CT,CT207829,ROCKY NECK STATE PARK BEACH,,,NEW LONDON,,2017-08-23,9:02:00,,,Enterococcus,87,,,,,,,,,
CT,CT207829,ROCKY NECK STATE PARK BEACH,,,NEW LONDON,,2017-08-25,7:23:00,,,Enterococcus,1,,,,,,,,,
CT,CT207829,ROCKY NECK STATE PARK BEACH,,,NEW LONDON,,2017-08-30,9:03:00,,,Enterococcus,53,,,,,,,,,
CT,CT207829,ROCKY NECK STATE PARK BEACH,,,NEW LONDON,,2016-05-23,9:55:00,,,Enterococcus,1,,,,,,,,,
CT,CT207829,ROCKY NECK STATE PARK BEACH,,,NEW LONDON,,2016-05-31,9:20:00,,,Enterococcus,1,,,,,,,,,
CT,CT207829,ROCKY NECK STATE PARK BEACH,,,NEW LONDON,,2016-06-01,13:25:00,,,Enterococcus,1,,,,,,,,,
CT,CT207829,ROCKY NECK STATE PARK BEACH,,,NEW LONDON,,2016-06-06,9:00:00,,,Enterococcus,20,,,,,,,,,
CT,CT207829,ROCKY NECK STATE PARK BEACH,,,NEW LONDON,,2016-06-13,9:55:00,,,Enterococcus,1,,,,,,,,,
CT,CT207829,ROCKY NECK STATE PARK BEACH,,,NEW LONDON,,2016-06-20,9:07:00,,,Enterococcus,10,,,,,,,,,
CT,CT207829,ROCKY NECK STATE PARK BEACH,,,NEW LONDON,,2016-06-27,8:50:00,,,Enterococcus,1,,,,,,,,,
CT,CT207829,ROCKY NECK STATE PARK BEACH,,,NEW LONDON,,2016-07-05,9:18:00,,,Enterococcus,1,,,,,,,,,
CT,CT207829,ROCKY NECK STATE PARK BEACH,,,NEW LONDON,,2016-07-11,8:54:00,,,Enterococcus,1,,,,,,,,,
CT,CT207829,ROCKY NECK STATE PARK BEACH,,,NEW LONDON,,2016-07-18,9:02:00,,,Enterococcus,1,,,,,,,,,
CT,CT207829,ROCKY NECK STATE PARK BEACH,,,NEW LONDON,,2016-07-25,9:20:00,,,Enterococcus,1,,,,,,,,,
CT,CT207829,ROCKY NECK STATE PARK BEACH,,,NEW LONDON,,2016-08-01,9:05:00,,,Enterococcus,1,,,,,,,,,
CT,CT207829,ROCKY NECK STATE PARK BEACH,,,NEW LONDON,,2016-08-08,9:00:00,,,Enterococcus,1,,,,,,,,,
CT,CT207829,ROCKY NECK STATE PARK BEACH,,,NEW LONDON,,2016-08-15,8:50:00,,,Enterococcus,1,,,,,,,,,
CT,CT207829,ROCKY NECK STATE PARK BEACH,,,NEW LONDON,,2016-08-22,8:55:00,,,Enterococcus,1,,,,,,,,,
CT,CT207829,ROCKY NECK STATE PARK BEACH,,,NEW LONDON,,2016-08-29,9:10:00,,,Enterococcus,1,,,,,,,,,
CT,CT207829,ROCKY NECK STATE PARK BEACH,,,NEW LONDON,,2017-05-22,10:08:00,,,Enterococcus,20,,,,,,,,,
CT,CT207829,ROCKY NECK STATE PARK BEACH,,,NEW LONDON,,2017-05-30,9:42:00,,,Enterococcus,1,,,,,,,,,
CT,CT207829,ROCKY NECK STATE PARK BEACH,,,NEW LONDON,,2017-06-05,9:20:00,,,Enterococcus,1,,,,,,,,,
CT,CT207829,ROCKY NECK STATE PARK BEACH,,,NEW LONDON,,2017-06-12,9:16:00,,,Enterococcus,1,,,,,,,,,
CT,CT207829,ROCKY NECK STATE PARK BEACH,,,NEW LONDON,,2017-06-19,9:05:00,,,Enterococcus,10,,,,,,,,,
CT,CT207829,ROCKY NECK STATE PARK BEACH,,,NEW LONDON,,2017-06-26,9:00:00,,,Enterococcus,1,,,,,,,,,
CT,CT207829,ROCKY NECK STATE PARK BEACH,,,NEW LONDON,,2017-07-05,9:20:00,,,Enterococcus,1,,,,,,,,,
CT,CT207829,ROCKY NECK STATE PARK BEACH,,,NEW LONDON,,2017-07-12,9:05:00,,,Enterococcus,210,,,,,,,,,
CT,CT207829,ROCKY NECK STATE PARK BEACH,,,NEW LONDON,,2017-07-17,8:25:00,,,Enterococcus,20,,,,,,,,,
CT,CT207829,ROCKY NECK STATE PARK BEACH,,,NEW LONDON,,2017-07-19,9:15:00,,,Enterococcus,1,,,,,,,,,
CT,CT207829,ROCKY NECK STATE PARK BEACH,,,NEW LONDON,,2017-07-26,9:26:00,,,Enterococcus,1,,,,,,,,,
CT,CT207829,ROCKY NECK STATE PARK BEACH,,,NEW LONDON,,2017-08-02,9:14:00,,,Enterococcus,1,,,,,,,,,
CT,CT207829,ROCKY NECK STATE PARK BEACH,,,NEW LONDON,,2017-08-09,9:15:00,,,Enterococcus,1,,,,,,,,,
CT,CT207829,ROCKY NECK STATE PARK BEACH,,,NEW LONDON,,2017-08-16,9:05:00,,,Enterococcus,10,,,,,,,,,
CT,CT207829,ROCKY NECK STATE PARK BEACH,,,NEW LONDON,,2017-08-23,9:00:00,,,Enterococcus,20,,,,,,,,,
CT,CT207829,ROCKY NECK STATE PARK BEACH,,,NEW LONDON,,2017-08-25,7:20:00,,,Enterococcus,1,,,,,,,,,
CT,CT207829,ROCKY NECK STATE PARK BEACH,,,NEW LONDON,,2017-08-30,9:01:00,,,Enterococcus,140,,,,,,,,,
CT,CT299970,SHERWOOD ISLAND STATE PARK BEACH,,,FAIRFIELD,,2016-05-23,10:58:00,,,Enterococcus,1,,,,,,,,,
CT,CT299970,SHERWOOD ISLAND STATE PARK BEACH,,,FAIRFIELD,,2016-05-31,10:08:00,,,Enterococcus,1,,,,,,,,,
CT,CT299970,SHERWOOD ISLAND STATE PARK BEACH,,,FAIRFIELD,,2016-06-06,10:30:00,,,Enterococcus,10,,,,,,,,,
CT,CT299970,SHERWOOD ISLAND STATE PARK BEACH,,,FAIRFIELD,,2016-06-13,9:24:00,,,Enterococcus,1,,,,,,,,,
CT,CT299970,SHERWOOD ISLAND STATE PARK BEACH,,,FAIRFIELD,,2016-06-27,9:54:00,,,Enterococcus,53,,,,,,,,,
CT,CT299970,SHERWOOD ISLAND STATE PARK BEACH,,,FAIRFIELD,,2016-07-05,10:00:00,,,Enterococcus,64,,,,,,,,,
CT,CT299970,SHERWOOD ISLAND STATE PARK BEACH,,,FAIRFIELD,,2016-07-11,10:00:00,,,Enterococcus,10,,,,,,,,,
CT,CT299970,SHERWOOD ISLAND STATE PARK BEACH,,,FAIRFIELD,,2016-07-18,10:05:00,,,Enterococcus,53,,,,,,,,,
CT,CT299970,SHERWOOD ISLAND STATE PARK BEACH,,,FAIRFIELD,,2016-07-25,9:57:00,,,Enterococcus,1,,,,,,,,,
CT,CT299970,SHERWOOD ISLAND STATE PARK BEACH,,,FAIRFIELD,,2016-08-01,9:40:00,,,Enterococcus,53,,,,,,,,,
CT,CT299970,SHERWOOD ISLAND STATE PARK BEACH,,,FAIRFIELD,,2016-08-03,12:22:00,,,Enterococcus,10,,,,,,,,,
CT,CT299970,SHERWOOD ISLAND STATE PARK BEACH,,,FAIRFIELD,,2016-08-08,10:00:00,,,Enterococcus,1,,,,,,,,,
CT,CT299970,SHERWOOD ISLAND STATE PARK BEACH,,,FAIRFIELD,,2016-08-15,9:45:00,,,Enterococcus,10,,,,,,,,,
CT,CT299970,SHERWOOD ISLAND STATE PARK BEACH,,,FAIRFIELD,,2016-08-22,9:45:00,,,Enterococcus,1,,,,,,,,,
CT,CT299970,SHERWOOD ISLAND STATE PARK BEACH,,,FAIRFIELD,,2016-08-29,10:04:00,,,Enterococcus,1,,,,,,,,,
CT,CT299970,SHERWOOD ISLAND STATE PARK BEACH,,,FAIRFIELD,,2017-05-22,10:53:00,,,Enterococcus,1,,,,,,,,,
CT,CT299970,SHERWOOD ISLAND STATE PARK BEACH,,,FAIRFIELD,,2017-05-30,10:35:00,,,Enterococcus,1,,,,,,,,,
CT,CT299970,SHERWOOD ISLAND STATE PARK BEACH,,,FAIRFIELD,,2017-06-05,10:00:00,,,Enterococcus,1,,,,,,,,,
CT,CT299970,SHERWOOD ISLAND STATE PARK BEACH,,,FAIRFIELD,,2017-06-12,10:20:00,,,Enterococcus,1,,,,,,,,,
CT,CT299970,SHERWOOD ISLAND STATE PARK BEACH,,,FAIRFIELD,,2017-06-19,10:02:00,,,Enterococcus,20,,,,,,,,,
CT,CT299970,SHERWOOD ISLAND STATE PARK BEACH,,,FAIRFIELD,,2017-06-26,9:48:00,,,Enterococcus,1,,,,,,,,,
CT,CT299970,SHERWOOD ISLAND STATE PARK BEACH,,,FAIRFIELD,,2017-07-05,9:54:00,,,Enterococcus,1,,,,,,,,,
CT,CT299970,SHERWOOD ISLAND STATE PARK BEACH,,,FAIRFIELD,,2017-07-12,10:14:00,,,Enterococcus,1,,,,,,,,,
CT,CT299970,SHERWOOD ISLAND STATE PARK BEACH,,,FAIRFIELD,,2017-07-19,9:58:00,,,Enterococcus,1,,,,,,,,,
CT,CT299970,SHERWOOD ISLAND STATE PARK BEACH,,,FAIRFIELD,,2017-07-26,10:36:00,,,Enterococcus,1,,,,,,,,,
CT,CT299970,SHERWOOD ISLAND STATE PARK BEACH,,,FAIRFIELD,,2017-08-02,9:46:00,,,Enterococcus,1,,,,,,,,,
CT,CT299970,SHERWOOD ISLAND STATE PARK BEACH,,,FAIRFIELD,,2017-08-09,9:57:00,,,Enterococcus,10,,,,,,,,,
CT,CT299970,SHERWOOD ISLAND STATE PARK BEACH,,,FAIRFIELD,,2017-08-16,10:05:00,,,Enterococcus,1,,,,,,,,,
CT,CT299970,SHERWOOD ISLAND STATE PARK BEACH,,,FAIRFIELD,,2017-08-23,9:49:00,,,Enterococcus,87,,,,,,,,,
CT,CT299970,SHERWOOD ISLAND STATE PARK BEACH,,,FAIRFIELD,,2017-08-30,9:48:00,,,Enterococcus,1,,,,,,,,,
CT,CT299970,SHERWOOD ISLAND STATE PARK BEACH,,,FAIRFIELD,,2016-05-23,10:52:00,,,Enterococcus,53,,,,,,,,,
CT,CT299970,SHERWOOD ISLAND STATE PARK BEACH,,,FAIRFIELD,,2016-05-31,10:04:00,,,Enterococcus,1,,,,,,,,,
CT,CT299970,SHERWOOD ISLAND STATE PARK BEACH,,,FAIRFIELD,,2016-06-13,9:22:00,,,Enterococcus,1,,,,,,,,,
CT,CT299970,SHERWOOD ISLAND STATE PARK BEACH,,,FAIRFIELD,,2016-06-20,9:55:00,,,Enterococcus,1,,,,,,,,,
CT,CT299970,SHERWOOD ISLAND STATE PARK BEACH,,,FAIRFIELD,,2016-06-27,9:46:00,,,Enterococcus,1,,,,,,,,,
CT,CT299970,SHERWOOD ISLAND STATE PARK BEACH,,,FAIRFIELD,,2016-07-05,9:55:00,,,Enterococcus,64,,,,,,,,,
CT,CT299970,SHERWOOD ISLAND STATE PARK BEACH,,,FAIRFIELD,,2016-07-11,9:54:00,,,Enterococcus,1,,,,,,,,,
CT,CT299970,SHERWOOD ISLAND STATE PARK BEACH,,,FAIRFIELD,,2016-07-18,9:57:00,,,Enterococcus,10,,,,,,,,,
CT,CT299970,SHERWOOD ISLAND STATE PARK BEACH,,,FAIRFIELD,,2016-07-25,9:50:00,,,Enterococcus,20,,,,,,,,,
CT,CT299970,SHERWOOD ISLAND STATE PARK BEACH,,,FAIRFIELD,,2016-08-03,12:16:00,,,Enterococcus,1,,,,,,,,,
CT,CT299970,SHERWOOD ISLAND STATE PARK BEACH,,,FAIRFIELD,,2016-08-08,9:53:00,,,Enterococcus,1,,,,,,,,,
CT,CT299970,SHERWOOD ISLAND STATE PARK BEACH,,,FAIRFIELD,,2016-08-15,9:40:00,,,Enterococcus,64,,,,,,,,,
CT,CT299970,SHERWOOD ISLAND STATE PARK BEACH,,,FAIRFIELD,,2016-08-22,9:39:00,,,Enterococcus,1,,,,,,,,,
CT,CT299970,SHERWOOD ISLAND STATE PARK BEACH,,,FAIRFIELD,,2016-08-29,10:00:00,,,Enterococcus,1,,,,,,,,,
CT,CT299970,SHERWOOD ISLAND STATE PARK BEACH,,,FAIRFIELD,,2017-05-22,10:45:00,,,Enterococcus,87,,,,,,,,,
CT,CT299970,SHERWOOD ISLAND STATE PARK BEACH,,,FAIRFIELD,,2017-05-30,10:27:00,,,Enterococcus,1,,,,,,,,,
CT,CT299970,SHERWOOD ISLAND STATE PARK BEACH,,,FAIRFIELD,,2017-06-05,9:55:00,,,Enterococcus,1,,,,,,,,,
CT,CT299970,SHERWOOD ISLAND STATE PARK BEACH,,,FAIRFIELD,,2017-06-12,10:14:00,,,Enterococcus,1,,,,,,,,,
CT,CT299970,SHERWOOD ISLAND STATE PARK BEACH,,,FAIRFIELD,,2017-06-19,9:56:00,,,Enterococcus,10,,,,,,,,,
CT,CT299970,SHERWOOD ISLAND STATE PARK BEACH,,,FAIRFIELD,,2017-06-26,9:44:00,,,Enterococcus,1,,,,,,,,,
CT,CT299970,SHERWOOD ISLAND STATE PARK BEACH,,,FAIRFIELD,,2017-07-05,9:45:00,,,Enterococcus,53,,,,,,,,,
CT,CT299970,SHERWOOD ISLAND STATE PARK BEACH,,,FAIRFIELD,,2017-07-12,10:07:00,,,Enterococcus,1,,,,,,,,,
CT,CT299970,SHERWOOD ISLAND STATE PARK BEACH,,,FAIRFIELD,,2017-07-19,9:52:00,,,Enterococcus,1,,,,,,,,,
CT,CT299970,SHERWOOD ISLAND STATE PARK BEACH,,,FAIRFIELD,,2017-07-26,10:30:00,,,Enterococcus,1,,,,,,,,,
CT,CT299970,SHERWOOD ISLAND STATE PARK BEACH,,,FAIRFIELD,,2017-08-02,9:43:00,,,Enterococcus,1,,,,,,,,,
CT,CT299970,SHERWOOD ISLAND STATE PARK BEACH,,,FAIRFIELD,,2017-08-09,9:52:00,,,Enterococcus,10,,,,,,,,,
CT,CT299970,SHERWOOD ISLAND STATE PARK BEACH,,,FAIRFIELD,,2017-08-16,10:00:00,,,Enterococcus,1,,,,,,,,,
CT,CT299970,SHERWOOD ISLAND STATE PARK BEACH,,,FAIRFIELD,,2017-08-23,9:44:00,,,Enterococcus,1,,,,,,,,,
CT,CT299970,SHERWOOD ISLAND STATE PARK BEACH,,,FAIRFIELD,,2017-08-30,9:44:00,,,Enterococcus,1,,,,,,,,,
CT,CT299970,SHERWOOD ISLAND STATE PARK BEACH,,,FAIRFIELD,,2016-05-23,10:42:00,,,Enterococcus,1,,,,,,,,,
CT,CT299970,SHERWOOD ISLAND STATE PARK BEACH,,,FAIRFIELD,,2016-05-31,10:00:00,,,Enterococcus,1,,,,,,,,,
CT,CT299970,SHERWOOD ISLAND STATE PARK BEACH,,,FAIRFIELD,,2016-06-06,10:10:00,,,Enterococcus,10,,,,,,,,,
CT,CT299970,SHERWOOD ISLAND STATE PARK BEACH,,,FAIRFIELD,,2016-06-13,9:20:00,,,Enterococcus,1,,,,,,,,,
CT,CT299970,SHERWOOD ISLAND STATE PARK BEACH,,,FAIRFIELD,,2016-06-20,9:47:00,,,Enterococcus,1,,,,,,,,,
CT,CT299970,SHERWOOD ISLAND STATE PARK BEACH,,,FAIRFIELD,,2016-06-27,9:35:00,,,Enterococcus,1,,,,,,,,,
CT,CT299970,SHERWOOD ISLAND STATE PARK BEACH,,,FAIRFIELD,,2016-07-05,9:45:00,,,Enterococcus,87,,,,,,,,,
CT,CT299970,SHERWOOD ISLAND STATE PARK BEACH,,,FAIRFIELD,,2016-07-11,9:46:00,,,Enterococcus,1,,,,,,,,,
CT,CT299970,SHERWOOD ISLAND STATE PARK BEACH,,,FAIRFIELD,,2016-07-18,9:47:00,,,Enterococcus,1,,,,,,,,,
CT,CT299970,SHERWOOD ISLAND STATE PARK BEACH,,,FAIRFIELD,,2016-07-25,9:40:00,,,Enterococcus,20,,,,,,,,,
CT,CT299970,SHERWOOD ISLAND STATE PARK BEACH,,,FAIRFIELD,,2016-08-01,9:26:00,,,Enterococcus,99,,,,,,,,,
CT,CT299970,SHERWOOD ISLAND STATE PARK BEACH,,,FAIRFIELD,,2016-08-03,12:10:00,,,Enterococcus,1,,,,,,,,,
CT,CT299970,SHERWOOD ISLAND STATE PARK BEACH,,,FAIRFIELD,,2016-08-08,9:44:00,,,Enterococcus,1,,,,,,,,,
CT,CT299970,SHERWOOD ISLAND STATE PARK BEACH,,,FAIRFIELD,,2016-08-15,9:32:00,,,Enterococcus,1,,,,,,,,,
CT,CT299970,SHERWOOD ISLAND STATE PARK BEACH,,,FAIRFIELD,,2016-08-22,9:30:00,,,Enterococcus,20,,,,,,,,,
CT,CT299970,SHERWOOD ISLAND STATE PARK BEACH,,,FAIRFIELD,,2016-08-29,9:52:00,,,Enterococcus,1,,,,,,,,,
CT,CT299970,SHERWOOD ISLAND STATE PARK BEACH,,,FAIRFIELD,,2017-05-22,10:33:00,,,Enterococcus,1,,,,,,,,,
CT,CT299970,SHERWOOD ISLAND STATE PARK BEACH,,,FAIRFIELD,,2017-05-30,10:15:00,,,Enterococcus,1,,,,,,,,,
CT,CT299970,SHERWOOD ISLAND STATE PARK BEACH,,,FAIRFIELD,,2017-06-05,9:45:00,,,Enterococcus,1,,,,,,,,,
CT,CT299970,SHERWOOD ISLAND STATE PARK BEACH,,,FAIRFIELD,,2017-06-12,10:04:00,,,Enterococcus,1,,,,,,,,,
CT,CT299970,SHERWOOD ISLAND STATE PARK BEACH,,,FAIRFIELD,,2017-06-19,9:50:00,,,Enterococcus,20,,,,,,,,,
CT,CT299970,SHERWOOD ISLAND STATE PARK BEACH,,,FAIRFIELD,,2017-06-26,9:34:00,,,Enterococcus,1,,,,,,,,,
CT,CT299970,SHERWOOD ISLAND STATE PARK BEACH,,,FAIRFIELD,,2017-07-05,9:34:00,,,Enterococcus,10,,,,,,,,,
CT,CT299970,SHERWOOD ISLAND STATE PARK BEACH,,,FAIRFIELD,,2017-07-12,9:55:00,,,Enterococcus,1,,,,,,,,,
CT,CT299970,SHERWOOD ISLAND STATE PARK BEACH,,,FAIRFIELD,,2017-07-19,9:46:00,,,Enterococcus,1,,,,,,,,,
CT,CT299970,SHERWOOD ISLAND STATE PARK BEACH,,,FAIRFIELD,,2017-07-26,10:20:00,,,Enterococcus,1,,,,,,,,,
CT,CT299970,SHERWOOD ISLAND STATE PARK BEACH,,,FAIRFIELD,,2017-08-02,9:35:00,,,Enterococcus,1,,,,,,,,,
CT,CT299970,SHERWOOD ISLAND STATE PARK BEACH,,,FAIRFIELD,,2017-08-09,9:42:00,,,Enterococcus,1,,,,,,,,,
CT,CT299970,SHERWOOD ISLAND STATE PARK BEACH,,,FAIRFIELD,,2017-08-16,9:46:00,,,Enterococcus,1,,,,,,,,,
CT,CT299970,SHERWOOD ISLAND STATE PARK BEACH,,,FAIRFIELD,,2017-08-23,9:36:00,,,Enterococcus,10,,,,,,,,,
CT,CT299970,SHERWOOD ISLAND STATE PARK BEACH,,,FAIRFIELD,,2017-08-30,9:35:00,,,Enterococcus,31,,,,,,,,,
CT,CT222176,SILVER SANDS STATE PARK BEACH,,,NEW HAVEN,,2016-05-23,9:36:00,,,Enterococcus,1,,,,,,,,,
CT,CT222176,SILVER SANDS STATE PARK BEACH,,,NEW HAVEN,,2016-05-31,9:12:00,,,Enterococcus,1,,,,,,,,,
CT,CT222176,SILVER SANDS STATE PARK BEACH,,,NEW HAVEN,,2016-06-06,9:19:00,,,Enterococcus,20,,,,,,,,,
CT,CT222176,SILVER SANDS STATE PARK BEACH,,,NEW HAVEN,,2016-06-13,8:36:00,,,Enterococcus,10,,,,,,,,,
CT,CT222176,SILVER SANDS STATE PARK BEACH,,,NEW HAVEN,,2016-06-20,8:53:00,,,Enterococcus,20,,,,,,,,,
CT,CT222176,SILVER SANDS STATE PARK BEACH,,,NEW HAVEN,,2016-06-27,8:42:00,,,Enterococcus,1,,,,,,,,,
CT,CT222176,SILVER SANDS STATE PARK BEACH,,,NEW HAVEN,,2016-07-05,8:56:00,,,Enterococcus,24200,,,,,,,,,
CT,CT222176,SILVER SANDS STATE PARK BEACH,,,NEW HAVEN,,2016-07-06,11:24:00,,,Enterococcus,1,,,,,,,,,
CT,CT222176,SILVER SANDS STATE PARK BEACH,,,NEW HAVEN,,2016-07-11,9:00:00,,,Enterococcus,31,,,,,,,,,
CT,CT222176,SILVER SANDS STATE PARK BEACH,,,NEW HAVEN,,2016-07-18,8:58:00,,,Enterococcus,1,,,,,,,,,
CT,CT222176,SILVER SANDS STATE PARK BEACH,,,NEW HAVEN,,2016-07-25,8:52:00,,,Enterococcus,42,,,,,,,,,
CT,CT222176,SILVER SANDS STATE PARK BEACH,,,NEW HAVEN,,2016-08-01,8:46:00,,,Enterococcus,87,,,,,,,,,
CT,CT222176,SILVER SANDS STATE PARK BEACH,,,NEW HAVEN,,2016-08-03,11:14:00,,,Enterococcus,10,,,,,,,,,
CT,CT222176,SILVER SANDS STATE PARK BEACH,,,NEW HAVEN,,2016-08-08,8:54:00,,,Enterococcus,75,,,,,,,,,
CT,CT222176,SILVER SANDS STATE PARK BEACH,,,NEW HAVEN,,2016-08-15,8:52:00,,,Enterococcus,1,,,,,,,,,
CT,CT222176,SILVER SANDS STATE PARK BEACH,,,NEW HAVEN,,2016-08-22,8:52:00,,,Enterococcus,24200,,,,,,,,,
CT,CT222176,SILVER SANDS STATE PARK BEACH,,,NEW HAVEN,,2016-08-23,10:57:00,,,Enterococcus,1,,,,,,,,,
CT,CT222176,SILVER SANDS STATE PARK BEACH,,,NEW HAVEN,,2016-08-29,9:08:00,,,Enterococcus,1,,,,,,,,,
CT,CT222176,SILVER SANDS STATE PARK BEACH,,,NEW HAVEN,,2017-05-22,9:47:00,,,Enterococcus,1100,,,,,,,,,
CT,CT222176,SILVER SANDS STATE PARK BEACH,,,NEW HAVEN,,2017-05-24,11:35:00,,,Enterococcus,1,,,,,,,,,
CT,CT222176,SILVER SANDS STATE PARK BEACH,,,NEW HAVEN,,2017-05-30,9:22:00,,,Enterococcus,64,,,,,,,,,
CT,CT222176,SILVER SANDS STATE PARK BEACH,,,NEW HAVEN,,2017-06-05,9:00:00,,,Enterococcus,10,,,,,,,,,
CT,CT222176,SILVER SANDS STATE PARK BEACH,,,NEW HAVEN,,2017-06-12,9:03:00,,,Enterococcus,20,,,,,,,,,
CT,CT222176,SILVER SANDS STATE PARK BEACH,,,NEW HAVEN,,2017-06-19,9:08:00,,,Enterococcus,10,,,,,,,,,
CT,CT222176,SILVER SANDS STATE PARK BEACH,,,NEW HAVEN,,2017-06-26,8:50:00,,,Enterococcus,1,,,,,,,,,
CT,CT222176,SILVER SANDS STATE PARK BEACH,,,NEW HAVEN,,2017-07-05,8:51:00,,,Enterococcus,1,,,,,,,,,
CT,CT222176,SILVER SANDS STATE PARK BEACH,,,NEW HAVEN,,2017-07-12,9:10:00,,,Enterococcus,20,,,,,,,,,
CT,CT222176,SILVER SANDS STATE PARK BEACH,,,NEW HAVEN,,2017-07-19,9:04:00,,,Enterococcus,1,,,,,,,,,
CT,CT222176,SILVER SANDS STATE PARK BEACH,,,NEW HAVEN,,2017-07-26,9:37:00,,,Enterococcus,1,,,,,,,,,
CT,CT222176,SILVER SANDS STATE PARK BEACH,,,NEW HAVEN,,2017-08-02,8:56:00,,,Enterococcus,1,,,,,,,,,
CT,CT222176,SILVER SANDS STATE PARK BEACH,,,NEW HAVEN,,2017-08-09,8:58:00,,,Enterococcus,1,,,,,,,,,
CT,CT222176,SILVER SANDS STATE PARK BEACH,,,NEW HAVEN,,2017-08-16,9:04:00,,,Enterococcus,560,,,,,,,,,
CT,CT222176,SILVER SANDS STATE PARK BEACH,,,NEW HAVEN,,2017-08-21,8:17:00,,,Enterococcus,10,,,,,,,,,
CT,CT222176,SILVER SANDS STATE PARK BEACH,,,NEW HAVEN,,2017-08-23,8:54:00,,,Enterococcus,410,,,,,,,,,
CT,CT222176,SILVER SANDS STATE PARK BEACH,,,NEW HAVEN,,2017-08-25,8:44:00,,,Enterococcus,1,,,,,,,,,
CT,CT222176,SILVER SANDS STATE PARK BEACH,,,NEW HAVEN,,2017-08-30,8:55:00,,,Enterococcus,1,,,,,,,,,
CT,CT222176,SILVER SANDS STATE PARK BEACH,,,NEW HAVEN,,2016-05-23,9:38:00,,,Enterococcus,1,,,,,,,,,
CT,CT222176,SILVER SANDS STATE PARK BEACH,,,NEW HAVEN,,2016-05-31,9:14:00,,,Enterococcus,1,,,,,,,,,
CT,CT222176,SILVER SANDS STATE PARK BEACH,,,NEW HAVEN,,2016-06-06,9:21:00,,,Enterococcus,42,,,,,,,,,
CT,CT222176,SILVER SANDS STATE PARK BEACH,,,NEW HAVEN,,2016-06-06,10:20:00,,,Enterococcus,1,,,,,,,,,
CT,CT222176,SILVER SANDS STATE PARK BEACH,,,NEW HAVEN,,2016-06-13,8:38:00,,,Enterococcus,1,,,,,,,,,
CT,CT222176,SILVER SANDS STATE PARK BEACH,,,NEW HAVEN,,2016-06-20,8:55:00,,,Enterococcus,20,,,,,,,,,
CT,CT222176,SILVER SANDS STATE PARK BEACH,,,NEW HAVEN,,2016-06-27,8:44:00,,,Enterococcus,10,,,,,,,,,
CT,CT222176,SILVER SANDS STATE PARK BEACH,,,NEW HAVEN,,2016-07-05,8:58:00,,,Enterococcus,2000,,,,,,,,,
CT,CT222176,SILVER SANDS STATE PARK BEACH,,,NEW HAVEN,,2016-07-06,11:26:00,,,Enterococcus,1,,,,,,,,,
CT,CT222176,SILVER SANDS STATE PARK BEACH,,,NEW HAVEN,,2016-07-11,9:02:00,,,Enterococcus,42,,,,,,,,,
CT,CT222176,SILVER SANDS STATE PARK BEACH,,,NEW HAVEN,,2016-07-18,9:00:00,,,Enterococcus,1,,,,,,,,,
CT,CT222176,SILVER SANDS STATE PARK BEACH,,,NEW HAVEN,,2016-07-25,8:54:00,,,Enterococcus,53,,,,,,,,,
CT,CT222176,SILVER SANDS STATE PARK BEACH,,,NEW HAVEN,,2016-08-01,8:48:00,,,Enterococcus,250,,,,,,,,,
CT,CT222176,SILVER SANDS STATE PARK BEACH,,,NEW HAVEN,,2016-08-03,11:16:00,,,Enterococcus,75,,,,,,,,,
CT,CT222176,SILVER SANDS STATE PARK BEACH,,,NEW HAVEN,,2016-08-08,8:56:00,,,Enterococcus,1,,,,,,,,,
CT,CT222176,SILVER SANDS STATE PARK BEACH,,,NEW HAVEN,,2016-08-15,8:54:00,,,Enterococcus,10,,,,,,,,,
CT,CT222176,SILVER SANDS STATE PARK BEACH,,,NEW HAVEN,,2016-08-22,8:54:00,,,Enterococcus,830,,,,,,,,,
CT,CT222176,SILVER SANDS STATE PARK BEACH,,,NEW HAVEN,,2016-08-23,11:00:00,,,Enterococcus,1,,,,,,,,,
CT,CT222176,SILVER SANDS STATE PARK BEACH,,,NEW HAVEN,,2016-08-29,9:12:00,,,Enterococcus,1,,,,,,,,,
CT,CT222176,SILVER SANDS STATE PARK BEACH,,,NEW HAVEN,,2017-05-15,9:50:00,,,Enterococcus,140,,,,,,,,,
CT,CT222176,SILVER SANDS STATE PARK BEACH,,,NEW HAVEN,,2017-05-24,11:37:00,,,Enterococcus,10,,,,,,,,,
CT,CT222176,SILVER SANDS STATE PARK BEACH,,,NEW HAVEN,,2017-05-30,9:24:00,,,Enterococcus,20,,,,,,,,,
CT,CT222176,SILVER SANDS STATE PARK BEACH,,,NEW HAVEN,,2017-06-05,9:02:00,,,Enterococcus,10,,,,,,,,,
CT,CT222176,SILVER SANDS STATE PARK BEACH,,,NEW HAVEN,,2017-06-12,9:06:00,,,Enterococcus,1,,,,,,,,,
CT,CT222176,SILVER SANDS STATE PARK BEACH,,,NEW HAVEN,,2017-06-19,9:10:00,,,Enterococcus,1,,,,,,,,,
CT,CT222176,SILVER SANDS STATE PARK BEACH,,,NEW HAVEN,,2017-06-26,8:52:00,,,Enterococcus,1,,,,,,,,,
CT,CT222176,SILVER SANDS STATE PARK BEACH,,,NEW HAVEN,,2017-07-05,8:53:00,,,Enterococcus,1,,,,,,,,,
CT,CT222176,SILVER SANDS STATE PARK BEACH,,,NEW HAVEN,,2017-07-12,9:13:00,,,Enterococcus,20,,,,,,,,,
CT,CT222176,SILVER SANDS STATE PARK BEACH,,,NEW HAVEN,,2017-07-19,9:06:00,,,Enterococcus,1,,,,,,,,,
CT,CT222176,SILVER SANDS STATE PARK BEACH,,,NEW HAVEN,,2017-07-26,9:39:00,,,Enterococcus,1,,,,,,,,,
CT,CT222176,SILVER SANDS STATE PARK BEACH,,,NEW HAVEN,,2017-08-02,8:58:00,,,Enterococcus,1,,,,,,,,,
CT,CT222176,SILVER SANDS STATE PARK BEACH,,,NEW HAVEN,,2017-08-09,9:00:00,,,Enterococcus,1,,,,,,,,,
CT,CT222176,SILVER SANDS STATE PARK BEACH,,,NEW HAVEN,,2017-08-16,9:06:00,,,Enterococcus,410,,,,,,,,,
CT,CT222176,SILVER SANDS STATE PARK BEACH,,,NEW HAVEN,,2017-08-21,8:20:00,,,Enterococcus,1,,,,,,,,,
CT,CT222176,SILVER SANDS STATE PARK BEACH,,,NEW HAVEN,,2017-08-23,8:56:00,,,Enterococcus,99,,,,,,,,,
CT,CT222176,SILVER SANDS STATE PARK BEACH,,,NEW HAVEN,,2017-08-25,8:46:00,,,Enterococcus,1,,,,,,,,,
CT,CT222176,SILVER SANDS STATE PARK BEACH,,,NEW HAVEN,,2017-08-30,8:57:00,,,Enterococcus,10,,,,,,,,,
CT,CT222176,SILVER SANDS STATE PARK BEACH,,,NEW HAVEN,,2016-05-23,9:40:00,,,Enterococcus,1,,,,,,,,,
CT,CT222176,SILVER SANDS STATE PARK BEACH,,,NEW HAVEN,,2016-05-31,9:16:00,,,Enterococcus,1,,,,,,,,,
CT,CT222176,SILVER SANDS STATE PARK BEACH,,,NEW HAVEN,,2016-06-06,9:23:00,,,Enterococcus,1,,,,,,,,,
CT,CT222176,SILVER SANDS STATE PARK BEACH,,,NEW HAVEN,,2016-06-13,8:40:00,,,Enterococcus,1,,,,,,,,,
CT,CT222176,SILVER SANDS STATE PARK BEACH,,,NEW HAVEN,,2016-06-20,8:57:00,,,Enterococcus,1,,,,,,,,,
CT,CT222176,SILVER SANDS STATE PARK BEACH,,,NEW HAVEN,,2016-06-27,8:45:00,,,Enterococcus,1,,,,,,,,,
CT,CT222176,SILVER SANDS STATE PARK BEACH,,,NEW HAVEN,,2016-07-05,9:00:00,,,Enterococcus,24200,,,,,,,,,
CT,CT222176,SILVER SANDS STATE PARK BEACH,,,NEW HAVEN,,2016-07-06,11:28:00,,,Enterococcus,1,,,,,,,,,
CT,CT222176,SILVER SANDS STATE PARK BEACH,,,NEW HAVEN,,2016-07-11,9:04:00,,,Enterococcus,10,,,,,,,,,
CT,CT222176,SILVER SANDS STATE PARK BEACH,,,NEW HAVEN,,2016-07-18,9:02:00,,,Enterococcus,1,,,,,,,,,
CT,CT222176,SILVER SANDS STATE PARK BEACH,,,NEW HAVEN,,2016-07-25,8:56:00,,,Enterococcus,20,,,,,,,,,
CT,CT222176,SILVER SANDS STATE PARK BEACH,,,NEW HAVEN,,2016-08-01,8:50:00,,,Enterococcus,190,,,,,,,,,
CT,CT222176,SILVER SANDS STATE PARK BEACH,,,NEW HAVEN,,2016-08-03,11:18:00,,,Enterococcus,10,,,,,,,,,
CT,CT222176,SILVER SANDS STATE PARK BEACH,,,NEW HAVEN,,2016-08-08,8:58:00,,,Enterococcus,10,,,,,,,,,
CT,CT222176,SILVER SANDS STATE PARK BEACH,,,NEW HAVEN,,2016-08-15,8:56:00,,,Enterococcus,10,,,,,,,,,
CT,CT222176,SILVER SANDS STATE PARK BEACH,,,NEW HAVEN,,2016-08-22,8:56:00,,,Enterococcus,250,,,,,,,,,
CT,CT222176,SILVER SANDS STATE PARK BEACH,,,NEW HAVEN,,2016-08-23,11:02:00,,,Enterococcus,1,,,,,,,,,
CT,CT222176,SILVER SANDS STATE PARK BEACH,,,NEW HAVEN,,2016-08-29,9:14:00,,,Enterococcus,1,,,,,,,,,
CT,CT222176,SILVER SANDS STATE PARK BEACH,,,NEW HAVEN,,2017-05-22,9:52:00,,,Enterococcus,42,,,,,,,,,
CT,CT222176,SILVER SANDS STATE PARK BEACH,,,NEW HAVEN,,2017-05-24,11:55:00,,,Enterococcus,1,,,,,,,,,
CT,CT222176,SILVER SANDS STATE PARK BEACH,,,NEW HAVEN,,2017-05-30,9:26:00,,,Enterococcus,20,,,,,,,,,
CT,CT222176,SILVER SANDS STATE PARK BEACH,,,NEW HAVEN,,2017-06-05,9:04:00,,,Enterococcus,1,,,,,,,,,
CT,CT222176,SILVER SANDS STATE PARK BEACH,,,NEW HAVEN,,2017-06-12,9:10:00,,,Enterococcus,1,,,,,,,,,
CT,CT222176,SILVER SANDS STATE PARK BEACH,,,NEW HAVEN,,2017-06-19,9:12:00,,,Enterococcus,20,,,,,,,,,
CT,CT222176,SILVER SANDS STATE PARK BEACH,,,NEW HAVEN,,2017-06-26,8:54:00,,,Enterococcus,1,,,,,,,,,
CT,CT222176,SILVER SANDS STATE PARK BEACH,,,NEW HAVEN,,2017-07-05,8:55:00,,,Enterococcus,1,,,,,,,,,
CT,CT222176,SILVER SANDS STATE PARK BEACH,,,NEW HAVEN,,2017-07-12,9:15:00,,,Enterococcus,1,,,,,,,,,
CT,CT222176,SILVER SANDS STATE PARK BEACH,,,NEW HAVEN,,2017-07-19,9:08:00,,,Enterococcus,1,,,,,,,,,
CT,CT222176,SILVER SANDS STATE PARK BEACH,,,NEW HAVEN,,2017-07-26,9:41:00,,,Enterococcus,1,,,,,,,,,
CT,CT222176,SILVER SANDS STATE PARK BEACH,,,NEW HAVEN,,2017-08-02,9:00:00,,,Enterococcus,1,,,,,,,,,
CT,CT222176,SILVER SANDS STATE PARK BEACH,,,NEW HAVEN,,2017-08-09,9:02:00,,,Enterococcus,1,,,,,,,,,
CT,CT222176,SILVER SANDS STATE PARK BEACH,,,NEW HAVEN,,2017-08-16,9:08:00,,,Enterococcus,1,,,,,,,,,
CT,CT222176,SILVER SANDS STATE PARK BEACH,,,NEW HAVEN,,2017-08-21,8:22:00,,,Enterococcus,20,,,,,,,,,
CT,CT222176,SILVER SANDS STATE PARK BEACH,,,NEW HAVEN,,2017-08-23,8:58:00,,,Enterococcus,31,,,,,,,,,
CT,CT222176,SILVER SANDS STATE PARK BEACH,,,NEW HAVEN,,2017-08-25,8:48:00,,,Enterococcus,1,,,,,,,,,
CT,CT222176,SILVER SANDS STATE PARK BEACH,,,NEW HAVEN,,2017-08-30,8:59:00,,,Enterococcus,10,,,,,,,,,
CT,CT222176,SILVER SANDS STATE PARK BEACH,,,NEW HAVEN,,2016-05-23,9:42:00,,,Enterococcus,1,,,,,,,,,
CT,CT222176,SILVER SANDS STATE PARK BEACH,,,NEW HAVEN,,2016-05-31,9:18:00,,,Enterococcus,10,,,,,,,,,
CT,CT222176,SILVER SANDS STATE PARK BEACH,,,NEW HAVEN,,2016-06-06,9:25:00,,,Enterococcus,20,,,,,,,,,
CT,CT222176,SILVER SANDS STATE PARK BEACH,,,NEW HAVEN,,2016-06-13,8:42:00,,,Enterococcus,1,,,,,,,,,
CT,CT222176,SILVER SANDS STATE PARK BEACH,,,NEW HAVEN,,2016-06-20,8:59:00,,,Enterococcus,10,,,,,,,,,
CT,CT222176,SILVER SANDS STATE PARK BEACH,,,NEW HAVEN,,2016-06-27,8:47:00,,,Enterococcus,10,,,,,,,,,
CT,CT222176,SILVER SANDS STATE PARK BEACH,,,NEW HAVEN,,2016-07-05,9:02:00,,,Enterococcus,1,,,,,,,,,
CT,CT222176,SILVER SANDS STATE PARK BEACH,,,NEW HAVEN,,2016-07-06,11:30:00,,,Enterococcus,1,,,,,,,,,
CT,CT222176,SILVER SANDS STATE PARK BEACH,,,NEW HAVEN,,2016-07-11,9:06:00,,,Enterococcus,1,,,,,,,,,
CT,CT222176,SILVER SANDS STATE PARK BEACH,,,NEW HAVEN,,2016-07-18,9:04:00,,,Enterococcus,1,,,,,,,,,
CT,CT222176,SILVER SANDS STATE PARK BEACH,,,NEW HAVEN,,2016-07-25,8:58:00,,,Enterococcus,1,,,,,,,,,
CT,CT222176,SILVER SANDS STATE PARK BEACH,,,NEW HAVEN,,2016-08-01,8:52:00,,,Enterococcus,120,,,,,,,,,
CT,CT222176,SILVER SANDS STATE PARK BEACH,,,NEW HAVEN,,2016-08-03,11:20:00,,,Enterococcus,1,,,,,,,,,
CT,CT222176,SILVER SANDS STATE PARK BEACH,,,NEW HAVEN,,2016-08-08,9:00:00,,,Enterococcus,1,,,,,,,,,
CT,CT222176,SILVER SANDS STATE PARK BEACH,,,NEW HAVEN,,2016-08-15,8:58:00,,,Enterococcus,1,,,,,,,,,
CT,CT222176,SILVER SANDS STATE PARK BEACH,,,NEW HAVEN,,2016-08-22,8:58:00,,,Enterococcus,1,,,,,,,,,
CT,CT222176,SILVER SANDS STATE PARK BEACH,,,NEW HAVEN,,2016-08-23,11:05:00,,,Enterococcus,1,,,,,,,,,
CT,CT222176,SILVER SANDS STATE PARK BEACH,,,NEW HAVEN,,2016-08-29,9:16:00,,,Enterococcus,1,,,,,,,,,
CT,CT222176,SILVER SANDS STATE PARK BEACH,,,NEW HAVEN,,2017-05-22,9:55:00,,,Enterococcus,53,,,,,,,,,
CT,CT222176,SILVER SANDS STATE PARK BEACH,,,NEW HAVEN,,2017-05-24,11:41:00,,,Enterococcus,1,,,,,,,,,
CT,CT222176,SILVER SANDS STATE PARK BEACH,,,NEW HAVEN,,2017-05-30,9:28:00,,,Enterococcus,1,,,,,,,,,
CT,CT222176,SILVER SANDS STATE PARK BEACH,,,NEW HAVEN,,2017-06-05,9:06:00,,,Enterococcus,1,,,,,,,,,
CT,CT222176,SILVER SANDS STATE PARK BEACH,,,NEW HAVEN,,2017-06-12,9:12:00,,,Enterococcus,1,,,,,,,,,
CT,CT222176,SILVER SANDS STATE PARK BEACH,,,NEW HAVEN,,2017-06-19,9:14:00,,,Enterococcus,20,,,,,,,,,
CT,CT222176,SILVER SANDS STATE PARK BEACH,,,NEW HAVEN,,2017-06-26,8:56:00,,,Enterococcus,1,,,,,,,,,
CT,CT222176,SILVER SANDS STATE PARK BEACH,,,NEW HAVEN,,2017-07-05,8:57:00,,,Enterococcus,1,,,,,,,,,
CT,CT222176,SILVER SANDS STATE PARK BEACH,,,NEW HAVEN,,2017-07-12,9:19:00,,,Enterococcus,1,,,,,,,,,
CT,CT222176,SILVER SANDS STATE PARK BEACH,,,NEW HAVEN,,2017-07-19,9:10:00,,,Enterococcus,1,,,,,,,,,
CT,CT222176,SILVER SANDS STATE PARK BEACH,,,NEW HAVEN,,2017-07-26,9:43:00,,,Enterococcus,1,,,,,,,,,
CT,CT222176,SILVER SANDS STATE PARK BEACH,,,NEW HAVEN,,2017-08-02,9:02:00,,,Enterococcus,1,,,,,,,,,
CT,CT222176,SILVER SANDS STATE PARK BEACH,,,NEW HAVEN,,2017-08-09,9:04:00,,,Enterococcus,1,,,,,,,,,
CT,CT222176,SILVER SANDS STATE PARK BEACH,,,NEW HAVEN,,2017-08-16,9:10:00,,,Enterococcus,1,,,,,,,,,
CT,CT222176,SILVER SANDS STATE PARK BEACH,,,NEW HAVEN,,2017-08-21,8:25:00,,,Enterococcus,1,,,,,,,,,
CT,CT222176,SILVER SANDS STATE PARK BEACH,,,NEW HAVEN,,2017-08-23,9:00:00,,,Enterococcus,42,,,,,,,,,
CT,CT222176,SILVER SANDS STATE PARK BEACH,,,NEW HAVEN,,2017-08-25,8:50:00,,,Enterococcus,10,,,,,,,,,
CT,CT222176,SILVER SANDS STATE PARK BEACH,,,NEW HAVEN,,2017-08-30,9:01:00,,,Enterococcus,10,,,,,,,,,
CT,CT964700,HAMMONASSET BEACH STATE PARK BEACH,,,NEW HAVEN,,2018-05-14,11:10:00,,,Enterococcus,1,,,,,,,,,
CT,CT964700,HAMMONASSET BEACH STATE PARK BEACH,,,NEW HAVEN,,2018-05-14,11:10:00,,,Enterococcus,1,,,,,,,,,
CT,CT964700,HAMMONASSET BEACH STATE PARK BEACH,,,NEW HAVEN,,2018-05-14,10:58:00,,,Enterococcus,1,,,,,,,,,
CT,CT964700,HAMMONASSET BEACH STATE PARK BEACH,,,NEW HAVEN,,2018-05-14,10:23:00,,,Enterococcus,1,,,,,,,,,
CT,CT964700,HAMMONASSET BEACH STATE PARK BEACH,,,NEW HAVEN,,2018-05-14,10:52:00,,,Enterococcus,1,,,,,,,,,
CT,CT964700,HAMMONASSET BEACH STATE PARK BEACH,,,NEW HAVEN,,2018-05-14,10:30:00,,,Enterococcus,1,,,,,,,,,
CT,CT964700,HAMMONASSET BEACH STATE PARK BEACH,,,NEW HAVEN,,2018-05-14,10:45:00,,,Enterococcus,1,,,,,,,,,
CT,CT964700,HAMMONASSET BEACH STATE PARK BEACH,,,NEW HAVEN,,2018-05-21,11:00:00,,,Enterococcus,1,,,,,,,,,
CT,CT964700,HAMMONASSET BEACH STATE PARK BEACH,,,NEW HAVEN,,2018-05-21,10:50:00,,,Enterococcus,1,,,,,,,,,
CT,CT964700,HAMMONASSET BEACH STATE PARK BEACH,,,NEW HAVEN,,2018-05-21,10:23:00,,,Enterococcus,42,,,,,,,,,
CT,CT964700,HAMMONASSET BEACH STATE PARK BEACH,,,NEW HAVEN,,2018-05-21,10:40:00,,,Enterococcus,1,,,,,,,,,
CT,CT964700,HAMMONASSET BEACH STATE PARK BEACH,,,NEW HAVEN,,2018-05-21,10:20:00,,,Enterococcus,1,,,,,,,,,
CT,CT964700,HAMMONASSET BEACH STATE PARK BEACH,,,NEW HAVEN,,2018-05-21,10:07:00,,,Enterococcus,1,,,,,,,,,
CT,CT964700,HAMMONASSET BEACH STATE PARK BEACH,,,NEW HAVEN,,2018-05-29,10:56:00,,,Enterococcus,1,,,,,,,,,
CT,CT964700,HAMMONASSET BEACH STATE PARK BEACH,,,NEW HAVEN,,2018-05-29,10:47:00,,,Enterococcus,1,,,,,,,,,
CT,CT964700,HAMMONASSET BEACH STATE PARK BEACH,,,NEW HAVEN,,2018-05-29,10:15:00,,,Enterococcus,1,,,,,,,,,
CT,CT964700,HAMMONASSET BEACH STATE PARK BEACH,,,NEW HAVEN,,2018-05-29,10:39:00,,,Enterococcus,1,,,,,,,,,
CT,CT964700,HAMMONASSET BEACH STATE PARK BEACH,,,NEW HAVEN,,2018-05-29,10:20:00,,,Enterococcus,1,,,,,,,,,
CT,CT964700,HAMMONASSET BEACH STATE PARK BEACH,,,NEW HAVEN,,2018-05-29,10:32:00,,,Enterococcus,1,,,,,,,,,
CT,CT964700,HAMMONASSET BEACH STATE PARK BEACH,,,NEW HAVEN,,2018-05-29,10:32:00,,,Enterococcus,1,,,,,,,,,
CT,CT964700,HAMMONASSET BEACH STATE PARK BEACH,,,NEW HAVEN,,2018-06-04,11:08:00,,,Enterococcus,1,,,,,,,,,
CT,CT964700,HAMMONASSET BEACH STATE PARK BEACH,,,NEW HAVEN,,2018-06-04,11:00:00,,,Enterococcus,1,,,,,,,,,
CT,CT964700,HAMMONASSET BEACH STATE PARK BEACH,,,NEW HAVEN,,2018-06-04,10:32:00,,,Enterococcus,2000,,,,,,,,,
CT,CT964700,HAMMONASSET BEACH STATE PARK BEACH,,,NEW HAVEN,,2018-06-04,10:52:00,,,Enterococcus,1,,,,,,,,,
CT,CT964700,HAMMONASSET BEACH STATE PARK BEACH,,,NEW HAVEN,,2018-06-04,10:32:00,,,Enterococcus,10,,,,,,,,,
CT,CT964700,HAMMONASSET BEACH STATE PARK BEACH,,,NEW HAVEN,,2018-06-04,10:44:00,,,Enterococcus,10,,,,,,,,,
CT,CT964700,HAMMONASSET BEACH STATE PARK BEACH,,,NEW HAVEN,,2018-06-04,10:44:00,,,Enterococcus,1,,,,,,,,,
CT,CT964700,HAMMONASSET BEACH STATE PARK BEACH,,,NEW HAVEN,,2018-06-11,11:02:00,,,Enterococcus,1,,,,,,,,,
CT,CT964700,HAMMONASSET BEACH STATE PARK BEACH,,,NEW HAVEN,,2018-06-11,10:53:00,,,Enterococcus,1,,,,,,,,,
CT,CT964700,HAMMONASSET BEACH STATE PARK BEACH,,,NEW HAVEN,,2018-06-11,10:16:00,,,Enterococcus,1,,,,,,,,,
CT,CT964700,HAMMONASSET BEACH STATE PARK BEACH,,,NEW HAVEN,,2018-06-11,10:45:00,,,Enterococcus,1,,,,,,,,,
CT,CT964700,HAMMONASSET BEACH STATE PARK BEACH,,,NEW HAVEN,,2018-06-11,10:16:00,,,Enterococcus,10,,,,,,,,,
CT,CT964700,HAMMONASSET BEACH STATE PARK BEACH,,,NEW HAVEN,,2018-06-11,10:33:00,,,Enterococcus,10,,,,,,,,,
CT,CT964700,HAMMONASSET BEACH STATE PARK BEACH,,,NEW HAVEN,,2018-06-18,11:06:00,,,Enterococcus,10,,,,,,,,,
CT,CT964700,HAMMONASSET BEACH STATE PARK BEACH,,,NEW HAVEN,,2018-06-18,10:55:00,,,Enterococcus,1,,,,,,,,,
CT,CT964700,HAMMONASSET BEACH STATE PARK BEACH,,,NEW HAVEN,,2018-06-18,10:55:00,,,Enterococcus,1,,,,,,,,,
CT,CT964700,HAMMONASSET BEACH STATE PARK BEACH,,,NEW HAVEN,,2018-06-18,10:19:00,,,Enterococcus,20,,,,,,,,,
CT,CT964700,HAMMONASSET BEACH STATE PARK BEACH,,,NEW HAVEN,,2018-06-18,10:47:00,,,Enterococcus,1,,,,,,,,,
CT,CT964700,HAMMONASSET BEACH STATE PARK BEACH,,,NEW HAVEN,,2018-06-18,10:23:00,,,Enterococcus,1,,,,,,,,,
CT,CT964700,HAMMONASSET BEACH STATE PARK BEACH,,,NEW HAVEN,,2018-06-18,10:39:00,,,Enterococcus,1,,,,,,,,,
CT,CT964700,HAMMONASSET BEACH STATE PARK BEACH,,,NEW HAVEN,,2018-06-25,10:44:00,,,Enterococcus,42,,,,,,,,,
CT,CT964700,HAMMONASSET BEACH STATE PARK BEACH,,,NEW HAVEN,,2018-06-25,10:44:00,,,Enterococcus,53,,,,,,,,,
CT,CT964700,HAMMONASSET BEACH STATE PARK BEACH,,,NEW HAVEN,,2018-06-25,10:37:00,,,Enterococcus,53,,,,,,,,,
CT,CT964700,HAMMONASSET BEACH STATE PARK BEACH,,,NEW HAVEN,,2018-06-25,10:11:00,,,Enterococcus,20,,,,,,,,,
CT,CT964700,HAMMONASSET BEACH STATE PARK BEACH,,,NEW HAVEN,,2018-06-25,10:28:00,,,Enterococcus,20,,,,,,,,,
CT,CT964700,HAMMONASSET BEACH STATE PARK BEACH,,,NEW HAVEN,,2018-06-25,10:11:00,,,Enterococcus,42,,,,,,,,,
CT,CT964700,HAMMONASSET BEACH STATE PARK BEACH,,,NEW HAVEN,,2018-06-25,10:24:00,,,Enterococcus,10,,,,,,,,,
CT,CT964700,HAMMONASSET BEACH STATE PARK BEACH,,,NEW HAVEN,,2018-06-28,12:26:00,,,Enterococcus,1,,,,,,,,,
CT,CT964700,HAMMONASSET BEACH STATE PARK BEACH,,,NEW HAVEN,,2018-06-28,12:20:00,,,Enterococcus,1,,,,,,,,,
CT,CT964700,HAMMONASSET BEACH STATE PARK BEACH,,,NEW HAVEN,,2018-06-28,11:57:00,,,Enterococcus,1,,,,,,,,,
CT,CT964700,HAMMONASSET BEACH STATE PARK BEACH,,,NEW HAVEN,,2018-06-28,12:15:00,,,Enterococcus,10,,,,,,,,,
CT,CT964700,HAMMONASSET BEACH STATE PARK BEACH,,,NEW HAVEN,,2018-06-28,11:58:00,,,Enterococcus,1,,,,,,,,,
CT,CT964700,HAMMONASSET BEACH STATE PARK BEACH,,,NEW HAVEN,,2018-06-28,11:58:00,,,Enterococcus,1,,,,,,,,,
CT,CT964700,HAMMONASSET BEACH STATE PARK BEACH,,,NEW HAVEN,,2018-06-28,12:10:00,,,Enterococcus,1,,,,,,,,,
CT,CT964700,HAMMONASSET BEACH STATE PARK BEACH,,,NEW HAVEN,,2018-07-02,10:55:00,,,Enterococcus,1,,,,,,,,,
CT,CT964700,HAMMONASSET BEACH STATE PARK BEACH,,,NEW HAVEN,,2018-07-02,10:48:00,,,Enterococcus,1,,,,,,,,,
CT,CT964700,HAMMONASSET BEACH STATE PARK BEACH,,,NEW HAVEN,,2018-07-02,10:20:00,,,Enterococcus,53,,,,,,,,,
CT,CT964700,HAMMONASSET BEACH STATE PARK BEACH,,,NEW HAVEN,,2018-07-02,10:38:00,,,Enterococcus,1,,,,,,,,,
CT,CT964700,HAMMONASSET BEACH STATE PARK BEACH,,,NEW HAVEN,,2018-07-02,10:38:00,,,Enterococcus,1,,,,,,,,,
CT,CT964700,HAMMONASSET BEACH STATE PARK BEACH,,,NEW HAVEN,,2018-07-02,10:20:00,,,Enterococcus,1,,,,,,,,,
CT,CT964700,HAMMONASSET BEACH STATE PARK BEACH,,,NEW HAVEN,,2018-07-02,10:30:00,,,Enterococcus,1,,,,,,,,,
CT,CT964700,HAMMONASSET BEACH STATE PARK BEACH,,,NEW HAVEN,,2018-07-09,10:51:00,,,Enterococcus,1,,,,,,,,,
CT,CT964700,HAMMONASSET BEACH STATE PARK BEACH,,,NEW HAVEN,,2018-07-09,10:40:00,,,Enterococcus,10,,,,,,,,,
CT,CT964700,HAMMONASSET BEACH STATE PARK BEACH,,,NEW HAVEN,,2018-07-09,10:16:00,,,Enterococcus,99,,,,,,,,,
CT,CT964700,HAMMONASSET BEACH STATE PARK BEACH,,,NEW HAVEN,,2018-07-09,10:34:00,,,Enterococcus,1,,,,,,,,,
CT,CT964700,HAMMONASSET BEACH STATE PARK BEACH,,,NEW HAVEN,,2018-07-09,10:18:00,,,Enterococcus,1,,,,,,,,,
CT,CT964700,HAMMONASSET BEACH STATE PARK BEACH,,,NEW HAVEN,,2018-07-09,10:28:00,,,Enterococcus,1,,,,,,,,,
CT,CT964700,HAMMONASSET BEACH STATE PARK BEACH,,,NEW HAVEN,,2018-07-16,10:48:00,,,Enterococcus,1,,,,,,,,,
CT,CT964700,HAMMONASSET BEACH STATE PARK BEACH,,,NEW HAVEN,,2018-07-16,10:40:00,,,Enterococcus,10,,,,,,,,,
CT,CT964700,HAMMONASSET BEACH STATE PARK BEACH,,,NEW HAVEN,,2018-07-16,10:07:00,,,Enterococcus,210,,,,,,,,,
CT,CT964700,HAMMONASSET BEACH STATE PARK BEACH,,,NEW HAVEN,,2018-07-16,10:30:00,,,Enterococcus,1,,,,,,,,,
CT,CT964700,HAMMONASSET BEACH STATE PARK BEACH,,,NEW HAVEN,,2018-07-16,10:30:00,,,Enterococcus,1,,,,,,,,,
CT,CT964700,HAMMONASSET BEACH STATE PARK BEACH,,,NEW HAVEN,,2018-07-16,10:07:00,,,Enterococcus,1,,,,,,,,,
CT,CT964700,HAMMONASSET BEACH STATE PARK BEACH,,,NEW HAVEN,,2018-07-16,10:23:00,,,Enterococcus,1,,,,,,,,,
CT,CT964700,HAMMONASSET BEACH STATE PARK BEACH,,,NEW HAVEN,,2018-07-18,13:15:00,,,Enterococcus,1,,,,,,,,,
CT,CT964700,HAMMONASSET BEACH STATE PARK BEACH,,,NEW HAVEN,,2018-07-18,13:09:00,,,Enterococcus,1,,,,,,,,,
CT,CT964700,HAMMONASSET BEACH STATE PARK BEACH,,,NEW HAVEN,,2018-07-18,12:40:00,,,Enterococcus,110,,,,,,,,,
CT,CT964700,HAMMONASSET BEACH STATE PARK BEACH,,,NEW HAVEN,,2018-07-18,13:00:00,,,Enterococcus,1,,,,,,,,,
CT,CT964700,HAMMONASSET BEACH STATE PARK BEACH,,,NEW HAVEN,,2018-07-18,13:00:00,,,Enterococcus,1,,,,,,,,,
CT,CT964700,HAMMONASSET BEACH STATE PARK BEACH,,,NEW HAVEN,,2018-07-18,12:40:00,,,Enterococcus,1,,,,,,,,,
CT,CT964700,HAMMONASSET BEACH STATE PARK BEACH,,,NEW HAVEN,,2018-07-18,12:55:00,,,Enterococcus,1,,,,,,,,,
CT,CT964700,HAMMONASSET BEACH STATE PARK BEACH,,,NEW HAVEN,,2018-07-23,10:37:00,,,Enterococcus,1,,,,,,,,,
CT,CT964700,HAMMONASSET BEACH STATE PARK BEACH,,,NEW HAVEN,,2018-07-23,10:05:00,,,Enterococcus,340,,,,,,,,,
CT,CT964700,HAMMONASSET BEACH STATE PARK BEACH,,,NEW HAVEN,,2018-07-23,10:23:00,,,Enterococcus,10,,,,,,,,,
CT,CT964700,HAMMONASSET BEACH STATE PARK BEACH,,,NEW HAVEN,,2018-07-23,10:06:00,,,Enterococcus,10,,,,,,,,,
CT,CT964700,HAMMONASSET BEACH STATE PARK BEACH,,,NEW HAVEN,,2018-07-23,10:17:00,,,Enterococcus,10,,,,,,,,,
CT,CT964700,HAMMONASSET BEACH STATE PARK BEACH,,,NEW HAVEN,,2018-07-30,10:28:00,,,Enterococcus,1,,,,,,,,,
CT,CT964700,HAMMONASSET BEACH STATE PARK BEACH,,,NEW HAVEN,,2018-07-30,10:21:00,,,Enterococcus,1,,,,,,,,,
CT,CT964700,HAMMONASSET BEACH STATE PARK BEACH,,,NEW HAVEN,,2018-07-30,09:54:00,,,Enterococcus,31,,,,,,,,,
CT,CT964700,HAMMONASSET BEACH STATE PARK BEACH,,,NEW HAVEN,,2018-07-30,10:14:00,,,Enterococcus,1,,,,,,,,,
CT,CT964700,HAMMONASSET BEACH STATE PARK BEACH,,,NEW HAVEN,,2018-07-30,09:54:00,,,Enterococcus,1,,,,,,,,,
CT,CT964700,HAMMONASSET BEACH STATE PARK BEACH,,,NEW HAVEN,,2018-07-30,10:06:00,,,Enterococcus,1,,,,,,,,,
CT,CT964700,HAMMONASSET BEACH STATE PARK BEACH,,,NEW HAVEN,,2018-07-30,10:06:00,,,Enterococcus,1,,,,,,,,,
CT,CT964700,HAMMONASSET BEACH STATE PARK BEACH,,,NEW HAVEN,,2018-08-06,10:58:00,,,Enterococcus,1,,,,,,,,,
CT,CT964700,HAMMONASSET BEACH STATE PARK BEACH,,,NEW HAVEN,,2018-08-06,10:50:00,,,Enterococcus,10,,,,,,,,,
CT,CT964700,HAMMONASSET BEACH STATE PARK BEACH,,,NEW HAVEN,,2018-08-06,10:25:00,,,Enterococcus,120,,,,,,,,,
CT,CT964700,HAMMONASSET BEACH STATE PARK BEACH,,,NEW HAVEN,,2018-08-06,10:42:00,,,Enterococcus,1,,,,,,,,,
CT,CT964700,HAMMONASSET BEACH STATE PARK BEACH,,,NEW HAVEN,,2018-08-06,10:27:00,,,Enterococcus,1,,,,,,,,,
CT,CT964700,HAMMONASSET BEACH STATE PARK BEACH,,,NEW HAVEN,,2018-08-06,10:37:00,,,Enterococcus,1,,,,,,,,,
CT,CT964700,HAMMONASSET BEACH STATE PARK BEACH,,,NEW HAVEN,,2018-08-13,10:49:00,,,Enterococcus,1,,,,,,,,,
CT,CT964700,HAMMONASSET BEACH STATE PARK BEACH,,,NEW HAVEN,,2018-08-13,10:42:00,,,Enterococcus,1,,,,,,,,,
CT,CT964700,HAMMONASSET BEACH STATE PARK BEACH,,,NEW HAVEN,,2018-08-13,10:15:00,,,Enterococcus,53,,,,,,,,,
CT,CT964700,HAMMONASSET BEACH STATE PARK BEACH,,,NEW HAVEN,,2018-08-13,10:34:00,,,Enterococcus,10,,,,,,,,,
CT,CT964700,HAMMONASSET BEACH STATE PARK BEACH,,,NEW HAVEN,,2018-08-13,10:17:00,,,Enterococcus,10,,,,,,,,,
CT,CT964700,HAMMONASSET BEACH STATE PARK BEACH,,,NEW HAVEN,,2018-08-13,10:27:00,,,Enterococcus,1,,,,,,,,,
CT,CT964700,HAMMONASSET BEACH STATE PARK BEACH,,,NEW HAVEN,,2018-08-20,10:43:00,,,Enterococcus,1,,,,,,,,,
CT,CT964700,HAMMONASSET BEACH STATE PARK BEACH,,,NEW HAVEN,,2018-08-20,10:34:00,,,Enterococcus,1,,,,,,,,,
CT,CT964700,HAMMONASSET BEACH STATE PARK BEACH,,,NEW HAVEN,,2018-08-20,10:07:00,,,Enterococcus,75,,,,,,,,,
CT,CT964700,HAMMONASSET BEACH STATE PARK BEACH,,,NEW HAVEN,,2018-08-20,10:27:00,,,Enterococcus,1,,,,,,,,,
CT,CT964700,HAMMONASSET BEACH STATE PARK BEACH,,,NEW HAVEN,,2018-08-20,10:27:00,,,Enterococcus,1,,,,,,,,,
CT,CT964700,HAMMONASSET BEACH STATE PARK BEACH,,,NEW HAVEN,,2018-08-20,10:07:00,,,Enterococcus,1,,,,,,,,,
CT,CT964700,HAMMONASSET BEACH STATE PARK BEACH,,,NEW HAVEN,,2018-08-20,10:20:00,,,Enterococcus,1,,,,,,,,,
CT,CT964700,HAMMONASSET BEACH STATE PARK BEACH,,,NEW HAVEN,,2018-08-27,11:02:00,,,Enterococcus,1,,,,,,,,,
CT,CT964700,HAMMONASSET BEACH STATE PARK BEACH,,,NEW HAVEN,,2018-08-27,11:02:00,,,Enterococcus,1,,,,,,,,,
CT,CT964700,HAMMONASSET BEACH STATE PARK BEACH,,,NEW HAVEN,,2018-08-27,10:50:00,,,Enterococcus,1,,,,,,,,,
CT,CT964700,HAMMONASSET BEACH STATE PARK BEACH,,,NEW HAVEN,,2018-08-27,10:22:00,,,Enterococcus,10,,,,,,,,,
CT,CT964700,HAMMONASSET BEACH STATE PARK BEACH,,,NEW HAVEN,,2018-08-27,10:43:00,,,Enterococcus,1,,,,,,,,,
CT,CT964700,HAMMONASSET BEACH STATE PARK BEACH,,,NEW HAVEN,,2018-08-27,10:22:00,,,Enterococcus,1,,,,,,,,,
CT,CT964700,HAMMONASSET BEACH STATE PARK BEACH,,,NEW HAVEN,,2018-08-27,10:37:00,,,Enterococcus,1,,,,,,,,,
CT,CT207829,ROCKY NECK STATE PARK BEACH,,,NEW LONDON,,2018-05-14,09:42:00,,,Enterococcus,31,,,,,,,,,
CT,CT207829,ROCKY NECK STATE PARK BEACH,,,NEW LONDON,,2018-05-14,09:40:00,,,Enterococcus,42,,,,,,,,,
CT,CT207829,ROCKY NECK STATE PARK BEACH,,,NEW LONDON,,2018-05-14,09:38:00,,,Enterococcus,64,,,,,,,,,
CT,CT207829,ROCKY NECK STATE PARK BEACH,,,NEW LONDON,,2018-05-14,09:36:00,,,Enterococcus,53,,,,,,,,,
CT,CT207829,ROCKY NECK STATE PARK BEACH,,,NEW LONDON,,2018-05-21,09:26:00,,,Enterococcus,1,,,,,,,,,
CT,CT207829,ROCKY NECK STATE PARK BEACH,,,NEW LONDON,,2018-05-21,09:26:00,,,Enterococcus,1,,,,,,,,,
CT,CT207829,ROCKY NECK STATE PARK BEACH,,,NEW LONDON,,2018-05-21,09:24:00,,,Enterococcus,1,,,,,,,,,
CT,CT207829,ROCKY NECK STATE PARK BEACH,,,NEW LONDON,,2018-05-21,09:22:00,,,Enterococcus,1,,,,,,,,,
CT,CT207829,ROCKY NECK STATE PARK BEACH,,,NEW LONDON,,2018-05-21,09:20:00,,,Enterococcus,1,,,,,,,,,
CT,CT207829,ROCKY NECK STATE PARK BEACH,,,NEW LONDON,,2018-05-29,09:40:00,,,Enterococcus,75,,,,,,,,,
CT,CT207829,ROCKY NECK STATE PARK BEACH,,,NEW LONDON,,2018-05-29,09:35:00,,,Enterococcus,1,,,,,,,,,
CT,CT207829,ROCKY NECK STATE PARK BEACH,,,NEW LONDON,,2018-05-29,09:30:00,,,Enterococcus,10,,,,,,,,,
CT,CT207829,ROCKY NECK STATE PARK BEACH,,,NEW LONDON,,2018-05-29,09:26:00,,,Enterococcus,1,,,,,,,,,
CT,CT207829,ROCKY NECK STATE PARK BEACH,,,NEW LONDON,,2018-06-04,09:51:00,,,Enterococcus,150,,,,,,,,,
CT,CT207829,ROCKY NECK STATE PARK BEACH,,,NEW LONDON,,2018-06-04,09:48:00,,,Enterococcus,1,,,,,,,,,
CT,CT207829,ROCKY NECK STATE PARK BEACH,,,NEW LONDON,,2018-06-04,09:45:00,,,Enterococcus,1,,,,,,,,,
CT,CT207829,ROCKY NECK STATE PARK BEACH,,,NEW LONDON,,2018-06-04,09:42:00,,,Enterococcus,160,,,,,,,,,
CT,CT207829,ROCKY NECK STATE PARK BEACH,,,NEW LONDON,,2018-06-05,14:06:00,,,Enterococcus,20,,,,,,,,,
CT,CT207829,ROCKY NECK STATE PARK BEACH,,,NEW LONDON,,2018-06-05,14:04:00,,,Enterococcus,1,,,,,,,,,
CT,CT207829,ROCKY NECK STATE PARK BEACH,,,NEW LONDON,,2018-06-05,14:04:00,,,Enterococcus,1,,,,,,,,,
CT,CT207829,ROCKY NECK STATE PARK BEACH,,,NEW LONDON,,2018-06-05,14:02:00,,,Enterococcus,1,,,,,,,,,
CT,CT207829,ROCKY NECK STATE PARK BEACH,,,NEW LONDON,,2018-06-05,14:00:00,,,Enterococcus,1,,,,,,,,,
CT,CT207829,ROCKY NECK STATE PARK BEACH,,,NEW LONDON,,2018-06-11,09:33:00,,,Enterococcus,1,,,,,,,,,
CT,CT207829,ROCKY NECK STATE PARK BEACH,,,NEW LONDON,,2018-06-11,09:33:00,,,Enterococcus,1,,,,,,,,,
CT,CT207829,ROCKY NECK STATE PARK BEACH,,,NEW LONDON,,2018-06-11,09:30:00,,,Enterococcus,1,,,,,,,,,
CT,CT207829,ROCKY NECK STATE PARK BEACH,,,NEW LONDON,,2018-06-11,09:27:00,,,Enterococcus,1,,,,,,,,,
CT,CT207829,ROCKY NECK STATE PARK BEACH,,,NEW LONDON,,2018-06-11,09:24:00,,,Enterococcus,1,,,,,,,,,
CT,CT207829,ROCKY NECK STATE PARK BEACH,,,NEW LONDON,,2018-06-18,09:40:00,,,Enterococcus,10,,,,,,,,,
CT,CT207829,ROCKY NECK STATE PARK BEACH,,,NEW LONDON,,2018-06-18,09:37:00,,,Enterococcus,1,,,,,,,,,
CT,CT207829,ROCKY NECK STATE PARK BEACH,,,NEW LONDON,,2018-06-18,09:34:00,,,Enterococcus,1,,,,,,,,,
CT,CT207829,ROCKY NECK STATE PARK BEACH,,,NEW LONDON,,2018-06-18,09:30:00,,,Enterococcus,1,,,,,,,,,
CT,CT207829,ROCKY NECK STATE PARK BEACH,,,NEW LONDON,,2018-06-25,09:33:00,,,Enterococcus,1,,,,,,,,,
CT,CT207829,ROCKY NECK STATE PARK BEACH,,,NEW LONDON,,2018-06-25,09:31:00,,,Enterococcus,1,,,,,,,,,
CT,CT207829,ROCKY NECK STATE PARK BEACH,,,NEW LONDON,,2018-06-25,09:29:00,,,Enterococcus,1,,,,,,,,,
CT,CT207829,ROCKY NECK STATE PARK BEACH,,,NEW LONDON,,2018-06-25,09:27:00,,,Enterococcus,1,,,,,,,,,
CT,CT207829,ROCKY NECK STATE PARK BEACH,,,NEW LONDON,,2018-06-28,11:14:00,,,Enterococcus,210,,,,,,,,,
CT,CT207829,ROCKY NECK STATE PARK BEACH,,,NEW LONDON,,2018-06-28,11:11:00,,,Enterococcus,220,,,,,,,,,
CT,CT207829,ROCKY NECK STATE PARK BEACH,,,NEW LONDON,,2018-06-28,11:08:00,,,Enterococcus,140,,,,,,,,,
CT,CT207829,ROCKY NECK STATE PARK BEACH,,,NEW LONDON,,2018-06-28,11:05:00,,,Enterococcus,190,,,,,,,,,
CT,CT207829,ROCKY NECK STATE PARK BEACH,,,NEW LONDON,,2018-06-29,10:09:00,,,Enterococcus,10,,,,,,,,,
CT,CT207829,ROCKY NECK STATE PARK BEACH,,,NEW LONDON,,2018-06-29,10:06:00,,,Enterococcus,1,,,,,,,,,
CT,CT207829,ROCKY NECK STATE PARK BEACH,,,NEW LONDON,,2018-06-29,10:03:00,,,Enterococcus,31,,,,,,,,,
CT,CT207829,ROCKY NECK STATE PARK BEACH,,,NEW LONDON,,2018-06-29,10:03:00,,,Enterococcus,31,,,,,,,,,
CT,CT207829,ROCKY NECK STATE PARK BEACH,,,NEW LONDON,,2018-06-29,10:03:00,,,Enterococcus,20,,,,,,,,,
CT,CT207829,ROCKY NECK STATE PARK BEACH,,,NEW LONDON,,2018-07-02,09:39:00,,,Enterococcus,150,,,,,,,,,
CT,CT207829,ROCKY NECK STATE PARK BEACH,,,NEW LONDON,,2018-07-02,09:36:00,,,Enterococcus,53,,,,,,,,,
CT,CT207829,ROCKY NECK STATE PARK BEACH,,,NEW LONDON,,2018-07-02,09:33:00,,,Enterococcus,10,,,,,,,,,
CT,CT207829,ROCKY NECK STATE PARK BEACH,,,NEW LONDON,,2018-07-02,09:30:00,,,Enterococcus,10,,,,,,,,,
CT,CT207829,ROCKY NECK STATE PARK BEACH,,,NEW LONDON,,2018-07-09,09:36:00,,,Enterococcus,110,,,,,,,,,
CT,CT207829,ROCKY NECK STATE PARK BEACH,,,NEW LONDON,,2018-07-09,09:36:00,,,Enterococcus,150,,,,,,,,,
CT,CT207829,ROCKY NECK STATE PARK BEACH,,,NEW LONDON,,2018-07-09,09:34:00,,,Enterococcus,1,,,,,,,,,
CT,CT207829,ROCKY NECK STATE PARK BEACH,,,NEW LONDON,,2018-07-09,09:32:00,,,Enterococcus,1,,,,,,,,,
CT,CT207829,ROCKY NECK STATE PARK BEACH,,,NEW LONDON,,2018-07-09,09:30:00,,,Enterococcus,20,,,,,,,,,
CT,CT207829,ROCKY NECK STATE PARK BEACH,,,NEW LONDON,,2018-07-16,09:26:00,,,Enterococcus,140,,,,,,,,,
CT,CT207829,ROCKY NECK STATE PARK BEACH,,,NEW LONDON,,2018-07-16,09:24:00,,,Enterococcus,42,,,,,,,,,
CT,CT207829,ROCKY NECK STATE PARK BEACH,,,NEW LONDON,,2018-07-16,09:22:00,,,Enterococcus,1,,,,,,,,,
CT,CT207829,ROCKY NECK STATE PARK BEACH,,,NEW LONDON,,2018-07-16,09:20:00,,,Enterococcus,1,,,,,,,,,
CT,CT207829,ROCKY NECK STATE PARK BEACH,,,NEW LONDON,,2018-07-18,12:04:00,,,Enterococcus,1,,,,,,,,,
CT,CT207829,ROCKY NECK STATE PARK BEACH,,,NEW LONDON,,2018-07-18,12:01:00,,,Enterococcus,1,,,,,,,,,
CT,CT207829,ROCKY NECK STATE PARK BEACH,,,NEW LONDON,,2018-07-18,11:58:00,,,Enterococcus,1,,,,,,,,,
CT,CT207829,ROCKY NECK STATE PARK BEACH,,,NEW LONDON,,2018-07-18,11:55:00,,,Enterococcus,1,,,,,,,,,
CT,CT207829,ROCKY NECK STATE PARK BEACH,,,NEW LONDON,,2018-07-23,09:36:00,,,Enterococcus,10,,,,,,,,,
CT,CT207829,ROCKY NECK STATE PARK BEACH,,,NEW LONDON,,2018-07-23,09:36:00,,,Enterococcus,1,,,,,,,,,
CT,CT207829,ROCKY NECK STATE PARK BEACH,,,NEW LONDON,,2018-07-23,09:34:00,,,Enterococcus,42,,,,,,,,,
CT,CT207829,ROCKY NECK STATE PARK BEACH,,,NEW LONDON,,2018-07-23,09:32:00,,,Enterococcus,10,,,,,,,,,
CT,CT207829,ROCKY NECK STATE PARK BEACH,,,NEW LONDON,,2018-07-23,09:30:00,,,Enterococcus,87,,,,,,,,,
CT,CT207829,ROCKY NECK STATE PARK BEACH,,,NEW LONDON,,2018-07-30,09:21:00,,,Enterococcus,10,,,,,,,,,
CT,CT207829,ROCKY NECK STATE PARK BEACH,,,NEW LONDON,,2018-07-30,09:18:00,,,Enterococcus,10,,,,,,,,,
CT,CT207829,ROCKY NECK STATE PARK BEACH,,,NEW LONDON,,2018-07-30,09:15:00,,,Enterococcus,1,,,,,,,,,
CT,CT207829,ROCKY NECK STATE PARK BEACH,,,NEW LONDON,,2018-07-30,09:12:00,,,Enterococcus,1,,,,,,,,,
CT,CT207829,ROCKY NECK STATE PARK BEACH,,,NEW LONDON,,2018-08-06,09:36:00,,,Enterococcus,20,,,,,,,,,
CT,CT207829,ROCKY NECK STATE PARK BEACH,,,NEW LONDON,,2018-08-06,09:36:00,,,Enterococcus,42,,,,,,,,,
CT,CT207829,ROCKY NECK STATE PARK BEACH,,,NEW LONDON,,2018-08-06,09:34:00,,,Enterococcus,20,,,,,,,,,
CT,CT207829,ROCKY NECK STATE PARK BEACH,,,NEW LONDON,,2018-08-06,09:32:00,,,Enterococcus,1,,,,,,,,,
CT,CT207829,ROCKY NECK STATE PARK BEACH,,,NEW LONDON,,2018-08-06,09:30:00,,,Enterococcus,1,,,,,,,,,
CT,CT207829,ROCKY NECK STATE PARK BEACH,,,NEW LONDON,,2018-08-13,09:34:00,,,Enterococcus,160,,,,,,,,,
CT,CT207829,ROCKY NECK STATE PARK BEACH,,,NEW LONDON,,2018-08-13,09:34:00,,,Enterococcus,210,,,,,,,,,
CT,CT207829,ROCKY NECK STATE PARK BEACH,,,NEW LONDON,,2018-08-13,09:32:00,,,Enterococcus,1,,,,,,,,,
CT,CT207829,ROCKY NECK STATE PARK BEACH,,,NEW LONDON,,2018-08-13,09:30:00,,,Enterococcus,1,,,,,,,,,
CT,CT207829,ROCKY NECK STATE PARK BEACH,,,NEW LONDON,,2018-08-13,09:28:00,,,Enterococcus,1,,,,,,,,,
CT,CT207829,ROCKY NECK STATE PARK BEACH,,,NEW LONDON,,2018-08-20,09:29:00,,,Enterococcus,1,,,,,,,,,
CT,CT207829,ROCKY NECK STATE PARK BEACH,,,NEW LONDON,,2018-08-20,09:26:00,,,Enterococcus,20,,,,,,,,,
CT,CT207829,ROCKY NECK STATE PARK BEACH,,,NEW LONDON,,2018-08-20,09:23:00,,,Enterococcus,10,,,,,,,,,
CT,CT207829,ROCKY NECK STATE PARK BEACH,,,NEW LONDON,,2018-08-20,09:20:00,,,Enterococcus,42,,,,,,,,,
CT,CT207829,ROCKY NECK STATE PARK BEACH,,,NEW LONDON,,2018-08-27,09:46:00,,,Enterococcus,1,,,,,,,,,
CT,CT207829,ROCKY NECK STATE PARK BEACH,,,NEW LONDON,,2018-08-27,09:43:00,,,Enterococcus,1,,,,,,,,,
CT,CT207829,ROCKY NECK STATE PARK BEACH,,,NEW LONDON,,2018-08-27,09:40:00,,,Enterococcus,1,,,,,,,,,
CT,CT207829,ROCKY NECK STATE PARK BEACH,,,NEW LONDON,,2018-08-27,09:37:00,,,Enterococcus,1,,,,,,,,,
CT,CT299970,SHERWOOD ISLAND STATE PARK BEACH,,,FAIRFIELD,,2018-05-14,10:50:00,,,Enterococcus,31,,,,,,,,,
CT,CT299970,SHERWOOD ISLAND STATE PARK BEACH,,,FAIRFIELD,,2018-05-14,10:45:00,,,Enterococcus,1,,,,,,,,,
CT,CT299970,SHERWOOD ISLAND STATE PARK BEACH,,,FAIRFIELD,,2018-05-14,10:35:00,,,Enterococcus,1,,,,,,,,,
CT,CT299970,SHERWOOD ISLAND STATE PARK BEACH,,,FAIRFIELD,,2018-05-21,10:44:00,,,Enterococcus,1,,,,,,,,,
CT,CT299970,SHERWOOD ISLAND STATE PARK BEACH,,,FAIRFIELD,,2018-05-21,10:35:00,,,Enterococcus,1,,,,,,,,,
CT,CT299970,SHERWOOD ISLAND STATE PARK BEACH,,,FAIRFIELD,,2018-05-21,10:15:00,,,Enterococcus,1,,,,,,,,,
CT,CT299970,SHERWOOD ISLAND STATE PARK BEACH,,,FAIRFIELD,,2018-05-29,10:22:00,,,Enterococcus,10,,,,,,,,,
CT,CT299970,SHERWOOD ISLAND STATE PARK BEACH,,,FAIRFIELD,,2018-05-29,10:15:00,,,Enterococcus,1,,,,,,,,,
CT,CT299970,SHERWOOD ISLAND STATE PARK BEACH,,,FAIRFIELD,,2018-05-29,10:15:00,,,Enterococcus,1,,,,,,,,,
CT,CT299970,SHERWOOD ISLAND STATE PARK BEACH,,,FAIRFIELD,,2018-05-29,10:05:00,,,Enterococcus,1,,,,,,,,,
CT,CT299970,SHERWOOD ISLAND STATE PARK BEACH,,,FAIRFIELD,,2018-06-04,10:44:00,,,Enterococcus,10,,,,,,,,,
CT,CT299970,SHERWOOD ISLAND STATE PARK BEACH,,,FAIRFIELD,,2018-06-04,10:37:00,,,Enterococcus,20,,,,,,,,,
CT,CT299970,SHERWOOD ISLAND STATE PARK BEACH,,,FAIRFIELD,,2018-06-04,10:27:00,,,Enterococcus,42,,,,,,,,,
CT,CT299970,SHERWOOD ISLAND STATE PARK BEACH,,,FAIRFIELD,,2018-06-11,09:51:00,,,Enterococcus,1,,,,,,,,,
CT,CT299970,SHERWOOD ISLAND STATE PARK BEACH,,,FAIRFIELD,,2018-06-11,09:51:00,,,Enterococcus,1,,,,,,,,,
CT,CT299970,SHERWOOD ISLAND STATE PARK BEACH,,,FAIRFIELD,,2018-06-11,09:45:00,,,Enterococcus,31,,,,,,,,,
CT,CT299970,SHERWOOD ISLAND STATE PARK BEACH,,,FAIRFIELD,,2018-06-11,09:37:00,,,Enterococcus,1,,,,,,,,,
CT,CT299970,SHERWOOD ISLAND STATE PARK BEACH,,,FAIRFIELD,,2018-06-18,10:00:00,,,Enterococcus,10,,,,,,,,,
CT,CT299970,SHERWOOD ISLAND STATE PARK BEACH,,,FAIRFIELD,,2018-06-18,09:53:00,,,Enterococcus,1,,,,,,,,,
CT,CT299970,SHERWOOD ISLAND STATE PARK BEACH,,,FAIRFIELD,,2018-06-18,09:43:00,,,Enterococcus,1,,,,,,,,,
CT,CT299970,SHERWOOD ISLAND STATE PARK BEACH,,,FAIRFIELD,,2018-06-25,09:52:00,,,Enterococcus,1,,,,,,,,,
CT,CT299970,SHERWOOD ISLAND STATE PARK BEACH,,,FAIRFIELD,,2018-06-25,09:42:00,,,Enterococcus,10,,,,,,,,,
CT,CT299970,SHERWOOD ISLAND STATE PARK BEACH,,,FAIRFIELD,,2018-06-25,09:42:00,,,Enterococcus,1,,,,,,,,,
CT,CT299970,SHERWOOD ISLAND STATE PARK BEACH,,,FAIRFIELD,,2018-06-25,09:37:00,,,Enterococcus,1,,,,,,,,,
CT,CT299970,SHERWOOD ISLAND STATE PARK BEACH,,,FAIRFIELD,,2018-06-28,12:10:00,,,Enterococcus,1,,,,,,,,,
CT,CT299970,SHERWOOD ISLAND STATE PARK BEACH,,,FAIRFIELD,,2018-06-28,12:00:00,,,Enterococcus,1,,,,,,,,,
CT,CT299970,SHERWOOD ISLAND STATE PARK BEACH,,,FAIRFIELD,,2018-06-28,11:55:00,,,Enterococcus,1,,,,,,,,,
CT,CT299970,SHERWOOD ISLAND STATE PARK BEACH,,,FAIRFIELD,,2018-07-02,10:02:00,,,Enterococcus,1,,,,,,,,,
CT,CT299970,SHERWOOD ISLAND STATE PARK BEACH,,,FAIRFIELD,,2018-07-02,09:55:00,,,Enterococcus,20,,,,,,,,,
CT,CT299970,SHERWOOD ISLAND STATE PARK BEACH,,,FAIRFIELD,,2018-07-02,09:42:00,,,Enterococcus,1,,,,,,,,,
CT,CT299970,SHERWOOD ISLAND STATE PARK BEACH,,,FAIRFIELD,,2018-07-09,10:01:00,,,Enterococcus,10,,,,,,,,,
CT,CT299970,SHERWOOD ISLAND STATE PARK BEACH,,,FAIRFIELD,,2018-07-09,09:55:00,,,Enterococcus,31,,,,,,,,,
CT,CT299970,SHERWOOD ISLAND STATE PARK BEACH,,,FAIRFIELD,,2018-07-09,09:47:00,,,Enterococcus,1,,,,,,,,,
CT,CT299970,SHERWOOD ISLAND STATE PARK BEACH,,,FAIRFIELD,,2018-07-16,09:51:00,,,Enterococcus,1,,,,,,,,,
CT,CT299970,SHERWOOD ISLAND STATE PARK BEACH,,,FAIRFIELD,,2018-07-16,09:48:00,,,Enterococcus,1,,,,,,,,,
CT,CT299970,SHERWOOD ISLAND STATE PARK BEACH,,,FAIRFIELD,,2018-07-16,09:45:00,,,Enterococcus,1,,,,,,,,,
CT,CT299970,SHERWOOD ISLAND STATE PARK BEACH,,,FAIRFIELD,,2018-07-19,10:59:00,,,Enterococcus,1,,,,,,,,,
CT,CT299970,SHERWOOD ISLAND STATE PARK BEACH,,,FAIRFIELD,,2018-07-19,10:53:00,,,Enterococcus,1,,,,,,,,,
CT,CT299970,SHERWOOD ISLAND STATE PARK BEACH,,,FAIRFIELD,,2018-07-19,10:38:00,,,Enterococcus,1,,,,,,,,,
CT,CT299970,SHERWOOD ISLAND STATE PARK BEACH,,,FAIRFIELD,,2018-07-23,10:13:00,,,Enterococcus,160,,,,,,,,,
CT,CT299970,SHERWOOD ISLAND STATE PARK BEACH,,,FAIRFIELD,,2018-07-23,10:06:00,,,Enterococcus,87,,,,,,,,,
CT,CT299970,SHERWOOD ISLAND STATE PARK BEACH,,,FAIRFIELD,,2018-07-23,09:54:00,,,Enterococcus,64,,,,,,,,,
CT,CT299970,SHERWOOD ISLAND STATE PARK BEACH,,,FAIRFIELD,,2018-07-25,10:47:00,,,Enterococcus,1,,,,,,,,,
CT,CT299970,SHERWOOD ISLAND STATE PARK BEACH,,,FAIRFIELD,,2018-07-25,10:38:00,,,Enterococcus,64,,,,,,,,,
CT,CT299970,SHERWOOD ISLAND STATE PARK BEACH,,,FAIRFIELD,,2018-07-25,10:38:00,,,Enterococcus,75,,,,,,,,,
CT,CT299970,SHERWOOD ISLAND STATE PARK BEACH,,,FAIRFIELD,,2018-07-25,10:25:00,,,Enterococcus,1,,,,,,,,,
CT,CT299970,SHERWOOD ISLAND STATE PARK BEACH,,,FAIRFIELD,,2018-07-30,10:09:00,,,Enterococcus,10,,,,,,,,,
CT,CT299970,SHERWOOD ISLAND STATE PARK BEACH,,,FAIRFIELD,,2018-07-30,10:01:00,,,Enterococcus,1,,,,,,,,,
CT,CT299970,SHERWOOD ISLAND STATE PARK BEACH,,,FAIRFIELD,,2018-07-30,09:50:00,,,Enterococcus,1,,,,,,,,,
CT,CT299970,SHERWOOD ISLAND STATE PARK BEACH,,,FAIRFIELD,,2018-08-06,09:45:00,,,Enterococcus,1,,,,,,,,,
CT,CT299970,SHERWOOD ISLAND STATE PARK BEACH,,,FAIRFIELD,,2018-08-06,09:40:00,,,Enterococcus,1,,,,,,,,,
CT,CT299970,SHERWOOD ISLAND STATE PARK BEACH,,,FAIRFIELD,,2018-08-06,09:32:00,,,Enterococcus,1,,,,,,,,,
CT,CT299970,SHERWOOD ISLAND STATE PARK BEACH,,,FAIRFIELD,,2018-08-13,10:02:00,,,Enterococcus,120,,,,,,,,,
CT,CT299970,SHERWOOD ISLAND STATE PARK BEACH,,,FAIRFIELD,,2018-08-13,10:00:00,,,Enterococcus,290,,,,,,,,,
CT,CT299970,SHERWOOD ISLAND STATE PARK BEACH,,,FAIRFIELD,,2018-08-13,09:50:00,,,Enterococcus,1,,,,,,,,,
CT,CT299970,SHERWOOD ISLAND STATE PARK BEACH,,,FAIRFIELD,,2018-08-13,10:00:00,,,Enterococcus,1,,,,,,,,,
CT,CT299970,SHERWOOD ISLAND STATE PARK BEACH,,,FAIRFIELD,,2018-08-15,09:53:00,,,Enterococcus,1,,,,,,,,,
CT,CT299970,SHERWOOD ISLAND STATE PARK BEACH,,,FAIRFIELD,,2018-08-15,09:47:00,,,Enterococcus,1,,,,,,,,,
CT,CT299970,SHERWOOD ISLAND STATE PARK BEACH,,,FAIRFIELD,,2018-08-15,09:36:00,,,Enterococcus,1,,,,,,,,,
CT,CT299970,SHERWOOD ISLAND STATE PARK BEACH,,,FAIRFIELD,,2018-08-15,09:36:00,,,Enterococcus,1,,,,,,,,,
CT,CT299970,SHERWOOD ISLAND STATE PARK BEACH,,,FAIRFIELD,,2018-08-20,09:48:00,,,Enterococcus,20,,,,,,,,,
CT,CT299970,SHERWOOD ISLAND STATE PARK BEACH,,,FAIRFIELD,,2018-08-20,09:41:00,,,Enterococcus,1,,,,,,,,,
CT,CT299970,SHERWOOD ISLAND STATE PARK BEACH,,,FAIRFIELD,,2018-08-20,09:31:00,,,Enterococcus,10,,,,,,,,,
CT,CT299970,SHERWOOD ISLAND STATE PARK BEACH,,,FAIRFIELD,,2018-08-20,09:31:00,,,Enterococcus,1,,,,,,,,,
CT,CT299970,SHERWOOD ISLAND STATE PARK BEACH,,,FAIRFIELD,,2018-08-27,09:35:00,,,Enterococcus,53,,,,,,,,,
CT,CT299970,SHERWOOD ISLAND STATE PARK BEACH,,,FAIRFIELD,,2018-08-27,09:28:00,,,Enterococcus,1,,,,,,,,,
CT,CT299970,SHERWOOD ISLAND STATE PARK BEACH,,,FAIRFIELD,,2018-08-27,09:22:00,,,Enterococcus,1,,,,,,,,,
CT,CT222176,SILVER SANDS STATE PARK BEACH,,,NEW HAVEN,,2018-05-14,09:45:00,,,Enterococcus,10,,,,,,,,,
CT,CT222176,SILVER SANDS STATE PARK BEACH,,,NEW HAVEN,,2018-05-14,09:48:00,,,Enterococcus,1,,,,,,,,,
CT,CT222176,SILVER SANDS STATE PARK BEACH,,,NEW HAVEN,,2018-05-14,09:51:00,,,Enterococcus,10,,,,,,,,,
CT,CT222176,SILVER SANDS STATE PARK BEACH,,,NEW HAVEN,,2018-05-14,09:54:00,,,Enterococcus,1,,,,,,,,,
CT,CT222176,SILVER SANDS STATE PARK BEACH,,,NEW HAVEN,,2018-05-14,09:54:00,,,Enterococcus,1,,,,,,,,,
CT,CT222176,SILVER SANDS STATE PARK BEACH,,,NEW HAVEN,,2018-05-21,09:10:00,,,Enterococcus,1,,,,,,,,,
CT,CT222176,SILVER SANDS STATE PARK BEACH,,,NEW HAVEN,,2018-05-21,09:13:00,,,Enterococcus,10,,,,,,,,,
CT,CT222176,SILVER SANDS STATE PARK BEACH,,,NEW HAVEN,,2018-05-21,09:13:00,,,Enterococcus,1,,,,,,,,,
CT,CT222176,SILVER SANDS STATE PARK BEACH,,,NEW HAVEN,,2018-05-21,09:16:00,,,Enterococcus,1,,,,,,,,,
CT,CT222176,SILVER SANDS STATE PARK BEACH,,,NEW HAVEN,,2018-05-21,09:19:00,,,Enterococcus,1,,,,,,,,,
CT,CT222176,SILVER SANDS STATE PARK BEACH,,,NEW HAVEN,,2018-05-29,09:06:00,,,Enterococcus,10,,,,,,,,,
CT,CT222176,SILVER SANDS STATE PARK BEACH,,,NEW HAVEN,,2018-05-29,09:08:00,,,Enterococcus,1,,,,,,,,,
CT,CT222176,SILVER SANDS STATE PARK BEACH,,,NEW HAVEN,,2018-05-29,09:10:00,,,Enterococcus,1,,,,,,,,,
CT,CT222176,SILVER SANDS STATE PARK BEACH,,,NEW HAVEN,,2018-05-29,09:12:00,,,Enterococcus,1,,,,,,,,,
CT,CT222176,SILVER SANDS STATE PARK BEACH,,,NEW HAVEN,,2018-06-04,09:25:00,,,Enterococcus,24200,,,,,,,,,
CT,CT222176,SILVER SANDS STATE PARK BEACH,,,NEW HAVEN,,2018-06-04,09:28:00,,,Enterococcus,24200,,,,,,,,,
CT,CT222176,SILVER SANDS STATE PARK BEACH,,,NEW HAVEN,,2018-06-04,09:31:00,,,Enterococcus,24200,,,,,,,,,
CT,CT222176,SILVER SANDS STATE PARK BEACH,,,NEW HAVEN,,2018-06-04,09:35:00,,,Enterococcus,110,,,,,,,,,
CT,CT222176,SILVER SANDS STATE PARK BEACH,,,NEW HAVEN,,2018-06-04,09:35:00,,,Enterococcus,160,,,,,,,,,
CT,CT222176,SILVER SANDS STATE PARK BEACH,,,NEW HAVEN,,2018-06-05,11:47:00,,,Enterococcus,20,,,,,,,,,
CT,CT222176,SILVER SANDS STATE PARK BEACH,,,NEW HAVEN,,2018-06-05,11:49:00,,,Enterococcus,1,,,,,,,,,
CT,CT222176,SILVER SANDS STATE PARK BEACH,,,NEW HAVEN,,2018-06-05,11:52:00,,,Enterococcus,1,,,,,,,,,
CT,CT222176,SILVER SANDS STATE PARK BEACH,,,NEW HAVEN,,2018-06-05,11:54:00,,,Enterococcus,10,,,,,,,,,
CT,CT222176,SILVER SANDS STATE PARK BEACH,,,NEW HAVEN,,2018-06-05,11:54:00,,,Enterococcus,31,,,,,,,,,
CT,CT222176,SILVER SANDS STATE PARK BEACH,,,NEW HAVEN,,2018-06-11,08:56:00,,,Enterococcus,42,,,,,,,,,
CT,CT222176,SILVER SANDS STATE PARK BEACH,,,NEW HAVEN,,2018-06-11,08:58:00,,,Enterococcus,75,,,,,,,,,
CT,CT222176,SILVER SANDS STATE PARK BEACH,,,NEW HAVEN,,2018-06-11,09:00:00,,,Enterococcus,31,,,,,,,,,
CT,CT222176,SILVER SANDS STATE PARK BEACH,,,NEW HAVEN,,2018-06-11,09:02:00,,,Enterococcus,20,,,,,,,,,
CT,CT222176,SILVER SANDS STATE PARK BEACH,,,NEW HAVEN,,2018-06-18,08:54:00,,,Enterococcus,1,,,,,,,,,
CT,CT222176,SILVER SANDS STATE PARK BEACH,,,NEW HAVEN,,2018-06-18,08:54:00,,,Enterococcus,31,,,,,,,,,
CT,CT222176,SILVER SANDS STATE PARK BEACH,,,NEW HAVEN,,2018-06-18,08:56:00,,,Enterococcus,87,,,,,,,,,
CT,CT222176,SILVER SANDS STATE PARK BEACH,,,NEW HAVEN,,2018-06-18,08:58:00,,,Enterococcus,1,,,,,,,,,
CT,CT222176,SILVER SANDS STATE PARK BEACH,,,NEW HAVEN,,2018-06-18,09:00:00,,,Enterococcus,1,,,,,,,,,
CT,CT222176,SILVER SANDS STATE PARK BEACH,,,NEW HAVEN,,2018-06-25,08:50:00,,,Enterococcus,42,,,,,,,,,
CT,CT222176,SILVER SANDS STATE PARK BEACH,,,NEW HAVEN,,2018-06-25,08:52:00,,,Enterococcus,31,,,,,,,,,
CT,CT222176,SILVER SANDS STATE PARK BEACH,,,NEW HAVEN,,2018-06-25,08:54:00,,,Enterococcus,42,,,,,,,,,
CT,CT222176,SILVER SANDS STATE PARK BEACH,,,NEW HAVEN,,2018-06-25,08:56:00,,,Enterococcus,10,,,,,,,,,
CT,CT222176,SILVER SANDS STATE PARK BEACH,,,NEW HAVEN,,2018-06-28,12:53:00,,,Enterococcus,110,,,,,,,,,
CT,CT222176,SILVER SANDS STATE PARK BEACH,,,NEW HAVEN,,2018-06-28,12:53:00,,,Enterococcus,110,,,,,,,,,
CT,CT222176,SILVER SANDS STATE PARK BEACH,,,NEW HAVEN,,2018-06-28,12:55:00,,,Enterococcus,1,,,,,,,,,
CT,CT222176,SILVER SANDS STATE PARK BEACH,,,NEW HAVEN,,2018-06-28,12:57:00,,,Enterococcus,42,,,,,,,,,
CT,CT222176,SILVER SANDS STATE PARK BEACH,,,NEW HAVEN,,2018-06-28,12:59:00,,,Enterococcus,87,,,,,,,,,
CT,CT222176,SILVER SANDS STATE PARK BEACH,,,NEW HAVEN,,2018-07-02,08:56:00,,,Enterococcus,1,,,,,,,,,
CT,CT222176,SILVER SANDS STATE PARK BEACH,,,NEW HAVEN,,2018-07-02,08:56:00,,,Enterococcus,1,,,,,,,,,
CT,CT222176,SILVER SANDS STATE PARK BEACH,,,NEW HAVEN,,2018-07-02,08:59:00,,,Enterococcus,87,,,,,,,,,
CT,CT222176,SILVER SANDS STATE PARK BEACH,,,NEW HAVEN,,2018-07-02,09:03:00,,,Enterococcus,87,,,,,,,,,
CT,CT222176,SILVER SANDS STATE PARK BEACH,,,NEW HAVEN,,2018-07-02,09:05:00,,,Enterococcus,1,,,,,,,,,
CT,CT222176,SILVER SANDS STATE PARK BEACH,,,NEW HAVEN,,2018-07-09,09:02:00,,,Enterococcus,1,,,,,,,,,
CT,CT222176,SILVER SANDS STATE PARK BEACH,,,NEW HAVEN,,2018-07-09,09:04:00,,,Enterococcus,1,,,,,,,,,
CT,CT222176,SILVER SANDS STATE PARK BEACH,,,NEW HAVEN,,2018-07-09,09:04:00,,,Enterococcus,1,,,,,,,,,
CT,CT222176,SILVER SANDS STATE PARK BEACH,,,NEW HAVEN,,2018-07-09,09:06:00,,,Enterococcus,1,,,,,,,,,
CT,CT222176,SILVER SANDS STATE PARK BEACH,,,NEW HAVEN,,2018-07-09,09:08:00,,,Enterococcus,10,,,,,,,,,
CT,CT222176,SILVER SANDS STATE PARK BEACH,,,NEW HAVEN,,2018-07-16,09:05:00,,,Enterococcus,31,,,,,,,,,
CT,CT222176,SILVER SANDS STATE PARK BEACH,,,NEW HAVEN,,2018-07-16,09:07:00,,,Enterococcus,42,,,,,,,,,
CT,CT222176,SILVER SANDS STATE PARK BEACH,,,NEW HAVEN,,2018-07-16,09:07:00,,,Enterococcus,64,,,,,,,,,
CT,CT222176,SILVER SANDS STATE PARK BEACH,,,NEW HAVEN,,2018-07-16,09:09:00,,,Enterococcus,10,,,,,,,,,
CT,CT222176,SILVER SANDS STATE PARK BEACH,,,NEW HAVEN,,2018-07-16,09:11:00,,,Enterococcus,1,,,,,,,,,
CT,CT222176,SILVER SANDS STATE PARK BEACH,,,NEW HAVEN,,2018-07-19,09:49:00,,,Enterococcus,20,,,,,,,,,
CT,CT222176,SILVER SANDS STATE PARK BEACH,,,NEW HAVEN,,2018-07-19,09:49:00,,,Enterococcus,99,,,,,,,,,
CT,CT222176,SILVER SANDS STATE PARK BEACH,,,NEW HAVEN,,2018-07-19,09:47:00,,,Enterococcus,1,,,,,,,,,
CT,CT222176,SILVER SANDS STATE PARK BEACH,,,NEW HAVEN,,2018-07-19,09:51:00,,,Enterococcus,31,,,,,,,,,
CT,CT222176,SILVER SANDS STATE PARK BEACH,,,NEW HAVEN,,2018-07-19,09:50:00,,,Enterococcus,53,,,,,,,,,
CT,CT222176,SILVER SANDS STATE PARK BEACH,,,NEW HAVEN,,2018-07-19,09:50:00,,,Enterococcus,99,,,,,,,,,
CT,CT222176,SILVER SANDS STATE PARK BEACH,,,NEW HAVEN,,2018-07-19,09:53:00,,,Enterococcus,10,,,,,,,,,
CT,CT222176,SILVER SANDS STATE PARK BEACH,,,NEW HAVEN,,2018-07-19,09:52:00,,,Enterococcus,1400,,,,,,,,,
CT,CT222176,SILVER SANDS STATE PARK BEACH,,,NEW HAVEN,,2018-07-19,09:55:00,,,Enterococcus,1,,,,,,,,,
CT,CT222176,SILVER SANDS STATE PARK BEACH,,,NEW HAVEN,,2018-07-19,09:54:00,,,Enterococcus,1,,,,,,,,,
CT,CT222176,SILVER SANDS STATE PARK BEACH,,,NEW HAVEN,,2018-07-23,09:05:00,,,Enterococcus,1400,,,,,,,,,
CT,CT222176,SILVER SANDS STATE PARK BEACH,,,NEW HAVEN,,2018-07-23,09:08:00,,,Enterococcus,1200,,,,,,,,,
CT,CT222176,SILVER SANDS STATE PARK BEACH,,,NEW HAVEN,,2018-07-23,09:08:00,,,Enterococcus,1700,,,,,,,,,
CT,CT222176,SILVER SANDS STATE PARK BEACH,,,NEW HAVEN,,2018-07-23,09:11:00,,,Enterococcus,700,,,,,,,,,
CT,CT222176,SILVER SANDS STATE PARK BEACH,,,NEW HAVEN,,2018-07-23,09:13:00,,,Enterococcus,250,,,,,,,,,
CT,CT222176,SILVER SANDS STATE PARK BEACH,,,NEW HAVEN,,2018-07-25,10:10:00,,,Enterococcus,42,,,,,,,,,
CT,CT222176,SILVER SANDS STATE PARK BEACH,,,NEW HAVEN,,2018-07-25,10:10:00,,,Enterococcus,64,,,,,,,,,
CT,CT222176,SILVER SANDS STATE PARK BEACH,,,NEW HAVEN,,2018-07-25,10:13:00,,,Enterococcus,20,,,,,,,,,
CT,CT222176,SILVER SANDS STATE PARK BEACH,,,NEW HAVEN,,2018-07-25,10:16:00,,,Enterococcus,10,,,,,,,,,
CT,CT222176,SILVER SANDS STATE PARK BEACH,,,NEW HAVEN,,2018-07-25,10:19:00,,,Enterococcus,99,,,,,,,,,
CT,CT222176,SILVER SANDS STATE PARK BEACH,,,NEW HAVEN,,2018-07-30,08:57:00,,,Enterococcus,1,,,,,,,,,
CT,CT222176,SILVER SANDS STATE PARK BEACH,,,NEW HAVEN,,2018-07-30,08:59:00,,,Enterococcus,1,,,,,,,,,
CT,CT222176,SILVER SANDS STATE PARK BEACH,,,NEW HAVEN,,2018-07-30,09:01:00,,,Enterococcus,10,,,,,,,,,
CT,CT222176,SILVER SANDS STATE PARK BEACH,,,NEW HAVEN,,2018-07-30,09:03:00,,,Enterococcus,1,,,,,,,,,
CT,CT222176,SILVER SANDS STATE PARK BEACH,,,NEW HAVEN,,2018-07-30,09:03:00,,,Enterococcus,1,,,,,,,,,
CT,CT222176,SILVER SANDS STATE PARK BEACH,,,NEW HAVEN,,2018-08-06,08:50:00,,,Enterococcus,1,,,,,,,,,
CT,CT222176,SILVER SANDS STATE PARK BEACH,,,NEW HAVEN,,2018-08-06,08:53:00,,,Enterococcus,10,,,,,,,,,
CT,CT222176,SILVER SANDS STATE PARK BEACH,,,NEW HAVEN,,2018-08-06,08:53:00,,,Enterococcus,1,,,,,,,,,
CT,CT222176,SILVER SANDS STATE PARK BEACH,,,NEW HAVEN,,2018-08-06,08:56:00,,,Enterococcus,10,,,,,,,,,
CT,CT222176,SILVER SANDS STATE PARK BEACH,,,NEW HAVEN,,2018-08-06,08:59:00,,,Enterococcus,1,,,,,,,,,
CT,CT222176,SILVER SANDS STATE PARK BEACH,,,NEW HAVEN,,2018-08-13,08:53:00,,,Enterococcus,1,,,,,,,,,
CT,CT222176,SILVER SANDS STATE PARK BEACH,,,NEW HAVEN,,2018-08-13,08:56:00,,,Enterococcus,20,,,,,,,,,
CT,CT222176,SILVER SANDS STATE PARK BEACH,,,NEW HAVEN,,2018-08-13,08:59:00,,,Enterococcus,31,,,,,,,,,
CT,CT222176,SILVER SANDS STATE PARK BEACH,,,NEW HAVEN,,2018-08-13,09:02:00,,,Enterococcus,1,,,,,,,,,
CT,CT222176,SILVER SANDS STATE PARK BEACH,,,NEW HAVEN,,2018-08-20,08:51:00,,,Enterococcus,20,,,,,,,,,
CT,CT222176,SILVER SANDS STATE PARK BEACH,,,NEW HAVEN,,2018-08-20,08:53:00,,,Enterococcus,10,,,,,,,,,
CT,CT222176,SILVER SANDS STATE PARK BEACH,,,NEW HAVEN,,2018-08-20,08:55:00,,,Enterococcus,1,,,,,,,,,
CT,CT222176,SILVER SANDS STATE PARK BEACH,,,NEW HAVEN,,2018-08-20,08:57:00,,,Enterococcus,31,,,,,,,,,
CT,CT222176,SILVER SANDS STATE PARK BEACH,,,NEW HAVEN,,2018-08-27,08:46:00,,,Enterococcus,42,,,,,,,,,
CT,CT222176,SILVER SANDS STATE PARK BEACH,,,NEW HAVEN,,2018-08-27,08:49:00,,,Enterococcus,20,,,,,,,,,
CT,CT222176,SILVER SANDS STATE PARK BEACH,,,NEW HAVEN,,2018-08-27,08:52:00,,,Enterococcus,1,,,,,,,,,
CT,CT222176,SILVER SANDS STATE PARK BEACH,,,NEW HAVEN,,2018-08-27,08:52:00,,,Enterococcus,1,,,,,,,,,
CT,CT222176,SILVER SANDS STATE PARK BEACH,,,NEW HAVEN,,2018-08-27,08:55:00,,,Enterococcus,1,,,,,,,,,
